 fecha,evangelio,mensaje,tiempo_liturgico
2026-01-01,"El nombre que le pusieron fue Jesús. (Lc 2,21)",Dios entró al mundo con un nombre no con un título.¿Conoces su nombre o solo su religión?Llámalo por su nombre hoy. Una vez. En serio.,Tiempo de Navidad
2026-01-02,"Yo no soy el Cristo. (Jn 1,20)",Saber quién no eres es el inicio de la honestidad.¿Cuántas veces te has hecho pasar por alguien que no eres?Renuncia hoy a una máscara que ya no te pertenece.,Tiempo de Navidad
2026-01-03,"Este es el Cordero de Dios, que quita el pecado del mundo. (Jn 1,29)",El pecado no te define. Alguien ya cargó con él.¿Sigues pagando una deuda que ya fue saldada?Suelta una culpa que llevas más tiempo del necesario.,Tiempo de Navidad
2026-01-04,"Vengan y vean. (Jn 1,39)",La fe no se explica. Se experimenta.¿Hablas de Dios o lo has encontrado de verdad?Busca hoy un momento de silencio real. Sin pantalla.,Tiempo de Navidad
2026-01-05,"¿De Nazaret puede salir algo bueno? (Jn 1,46)",Tus orígenes no son tu destino.¿Quién te ha dicho que de donde vienes no se puede llegar lejos?Actúa hoy desde quien eres no desde de dónde vienes.,Tiempo de Navidad
2026-01-06,"Hemos visto su estrella y venimos a adorarlo. (Mt 2,2)",Los que buscan de verdad encuentran. Los que solo preguntan se quedan.¿Estás buscando a Dios o solo hablando de buscarlo?Da un paso concreto hacia algo que llevas tiempo posponiendo.,Epifanía del Señor
2026-01-07,"No tienen para comer. (Mc 6,36)",Lo poco que tienes en manos de Dios alcanza para todos.¿Retienes lo que tienes por miedo a que no sea suficiente?Comparte algo hoy aunque te parezca poco.,Tiempo de Navidad
2026-01-08,"Era yo. No teman. (Mc 6,50)",El miedo desaparece cuando reconoces quién está contigo en la tormenta.¿A qué tormenta le sigues teniendo miedo sin haberlo invitado a ella?Nombra en voz alta tu miedo más persistente. Díselo a él.,Tiempo de Navidad
2026-01-09,"Hoy se ha cumplido esta Escritura. (Lc 4,21)",Dios no promete para mañana lo que puede darte hoy.¿Estás esperando un momento perfecto que nunca llega?Actúa hoy sobre algo que creías que podías dejar para después.,Tiempo de Navidad
2026-01-10,"¡Cállate y sal de él! (Lc 4,35)",Algunas cosas solo se resuelven con una orden no con una negociación.¿Qué hábito o pensamiento tóxico sigues tolerando en lugar de expulsar?Identifica algo que debas cortar de raíz y da el primer paso hoy.,Tiempo de Navidad
2026-01-11,"Tú eres mi Hijo amado, en ti me complazco. (Lc 3,22)",Antes de hacer nada ya eres amado. Eso no se gana.¿Vives tratando de merecer lo que ya te fue dado gratuitamente?Recibe hoy sin justificarlo. Solo recibe.,Bautismo del Señor
2026-01-12,"Sígueme. (Mc 1,17)",La llamada de Dios no pide currículum. Pide disponibilidad.¿Cuántos requisitos te estás poniendo antes de decir sí?Di sí a algo que llevas tiempo esquivando por creer que no estás listo.,Tiempo Ordinario I
2026-01-13,"Enseñaba con autoridad, no como los escribas. (Mc 1,22)",La diferencia entre quien convence y quien transforma es que uno habla desde adentro.¿Vives tu fe desde la convicción o desde la costumbre?Haz algo hoy que nazca de convicción no de obligación.,Tiempo Ordinario I
2026-01-14,"Oraba. (Mc 1,35)",Jesús con todo su poder necesitaba orar. ¿Tú no?¿Cuándo fue la última vez que te detuviste a escuchar en lugar de pedir?Dedica 5 minutos al silencio antes de hablar con Dios.,Tiempo Ordinario I
2026-01-15,"Si quieres, puedes limpiarme. (Mc 1,40)",La audacia de pedir lo imposible es ya una forma de fe.¿Qué necesidad real llevas callada por miedo a parecer demasiado?Pide hoy algo que creías que no merecías pedir.,Tiempo Ordinario I
2026-01-16,"¿Qué es más fácil, decir: tus pecados te son perdonados o decir: levántate y anda? (Mc 2,9)",El perdón y la sanación van juntos. No se puede dividir al ser humano.¿Estás buscando sanación física mientras ignoras lo que cargas por dentro?Ocúpate hoy de una herida interior que has dejado sin atender.,Tiempo Ordinario I
2026-01-17,"No son los sanos los que necesitan médico, sino los enfermos. (Mc 2,17)",La iglesia no es un club de perfectos. Es una sala de emergencias.¿Sientes que no encajas porque eres demasiado imperfecto?Acércate hoy a alguien que estás juzgando sin conocer su historia.,Tiempo Ordinario I
2026-01-18,"Hagan lo que él les diga. (Jn 2,5)",La obediencia a Dios no te quita vida. Te la da.¿Cuántas instrucciones de Dios has ignorado porque no entendías el porqué?Obedece hoy algo que sientes que Dios te pide aunque no tenga sentido aún.,II Domingo del Tiempo Ordinario
2026-01-19,"El vino nuevo se echa en odres nuevos. (Mc 2,22)",No puedes recibir algo nuevo si te aferras a lo viejo con ambas manos.¿Qué estructura hábito o relación caducada sigues sosteniendo por miedo al vacío?Suelta hoy algo viejo para hacer espacio a algo nuevo.,Tiempo Ordinario II
2026-01-20,"El sábado fue hecho para el hombre, y no el hombre para el sábado. (Mc 2,27)",Las normas sirven a la vida. Cuando la ahogan algo falla.¿Cuántas reglas religiosas llevas que pesan más de lo que liberan?Revisa una norma que cumples por miedo y pregúntate si la comprendes.,Tiempo Ordinario II
2026-01-21,"¿Es lícito en sábado hacer el bien o hacer el mal? (Mc 3,4)",Hay silencios que son complicidad con el daño.¿Cuándo fue la última vez que no dijiste algo importante por no incomodar?Di hoy lo que callas por comodidad con respeto pero con claridad.,Tiempo Ordinario II
2026-01-22,"Una gran muchedumbre lo seguía. (Mc 3,7)",No todos los que siguen a Jesús lo conocen. No todos los que lo conocen lo siguen.¿Sigues a Jesús o simplemente sigues la corriente de los que lo siguen?Pregúntate hoy por qué crees lo que crees. No lo des por sentado.,Tiempo Ordinario II
2026-01-23,"Llamó a los que él quiso. (Mc 3,13)",No fuiste elegido porque eras el mejor. Fuiste elegido porque él lo quiso.¿Sientes que no mereces ser llamado? Él ya decidió que sí.Actúa hoy desde la certeza de que fuiste escogido no desde el miedo a no serlo.,Tiempo Ordinario II
2026-01-24,"Está fuera de sí. (Mc 3,21)",Vivir el Evangelio de verdad siempre parece una locura para el mundo.¿Has domesticado tu fe para que no incomode a nadie?Haz hoy algo generoso que te haga parecer un poco loco. Intencionalmente.,Tiempo Ordinario II
2026-01-25,"El Espíritu del Señor está sobre mí me ha enviado a anunciar la liberación. (Lc 4,18)",La fe no es retiro del mundo. Es misión dentro de él.¿Para quién eres hoy la buena noticia que el Evangelio promete?Identifica a alguien que necesita liberación y sé parte de esa historia.,III Domingo del Tiempo Ordinario
2026-01-26,"Todo reino dividido contra sí mismo quedará asolado. (Mc 3,24)",Una vida dividida entre lo que crees y cómo vives no puede sostenerse.¿Hay contradicción entre lo que profesas y lo que practicas?Elige hoy ser coherente en una cosa concreta.,Tiempo Ordinario III
2026-01-27,"El que hace la voluntad de Dios, ese es mi hermano. (Mc 3,35)",La familia espiritual se elige por lo que se hace no por el apellido que se lleva.¿Con quién compartes vida real de fe no solo formalidades?Fortalece hoy un vínculo basado en valores compartidos no en obligación.,Tiempo Ordinario III
2026-01-28,"La semilla cayó en tierra buena y dio fruto. (Mc 4,8)",El problema no es la semilla. El problema suele ser el suelo.¿Qué está endureciendo tu corazón para recibir lo que Dios quiere darte?Trabaja hoy tu tierra interior: menos ruido más silencio fértil.,Tiempo Ordinario III
2026-01-29,"Miren lo que oyen. (Mc 4,24)",No todo lo que escuchas merece el mismo espacio en tu mente.¿De qué fuentes te estás alimentando y qué están produciendo en ti?Silencia hoy una voz que te está restando en lugar de sumarte.,Tiempo Ordinario III
2026-01-30,"El reino de Dios crece solo, aunque el sembrador duerma. (Mc 4,27)",No siempre tienes que controlar para que las cosas funcionen.¿Cuánta energía gastas en controlar lo que no está en tus manos?Confía hoy en un proceso que sembraste y deja crecer sin forzar.,Tiempo Ordinario III
2026-01-31,"¿Por qué tienen miedo? ¿Aún no tienen fe? (Mc 4,40)",El miedo y la fe no pueden ocupar el mismo espacio al mismo tiempo.¿Qué tormenta de tu vida estás enfrentando sin invitar a Jesús a la barca?Habla hoy con él sobre la tormenta que más te quita el sueño.,Tiempo Ordinario III
2026-02-01,"Nadie es aceptado en su propia tierra. (Lc 4,24)",Los más cercanos suelen ser los últimos en reconocer lo extraordinario.¿Estás desestimando el valor de alguien solo porque lo conoces demasiado?Da hoy un reconocimiento sincero a alguien de tu círculo cercano.,IV Domingo del Tiempo Ordinario
2026-02-02,"Mis ojos han visto tu salvación. (Lc 2,30)",Hay personas que esperan décadas para ver cumplida una promesa. Y la ven.¿Cuánto tiempo llevas esperando algo de Dios que ya podrías estar viendo?Abre los ojos hoy. La promesa puede ya estar frente a ti.,Presentación del Señor
2026-02-03,"No temas. Solo cree. (Mc 5,36)",Entre la mala noticia y el milagro Jesús dice: sigue creyendo.¿Qué noticia difícil reciente ha estado ahogando tu fe?Pronuncia hoy una declaración de confianza a pesar de lo que ves.,Tiempo Ordinario IV
2026-02-04,"No pudo hacer ningún milagro allí. (Mc 6,5)",La incredulidad de los demás puede limitar lo que Dios obra en un lugar.¿Tu entorno te impulsa a creer más o te arrastra a dudar de todo?Rodéate hoy de al menos una persona que sume fe no que reste.,Tiempo Ordinario IV
2026-02-05,"No lleven nada para el camino. (Mc 6,8)",La misión ligera llega más lejos que la misión cargada de recursos.¿De qué seguridades materiales dependes demasiado para dar el siguiente paso?Sal hoy a hacer algo con menos de lo que crees necesitar.,Tiempo Ordinario IV
2026-02-06,"Herodes lo mandó decapitar en la cárcel. (Mc 6,27)",Decir la verdad tiene un costo. Pero callarla tiene uno mayor.¿Qué verdad importante estás callando por temor a las consecuencias?Di hoy una verdad difícil con respeto y sin rodeos innecesarios.,Tiempo Ordinario IV
2026-02-07,"Tenía compasión de ellos porque eran como ovejas sin pastor. (Mc 6,34)",La compasión de Jesús no fue lástima. Fue acción.¿Sientes compasión pero no haces nada con ella?Convierte hoy una emoción de compasión en un gesto concreto.,Tiempo Ordinario IV
2026-02-08,"No temas, desde ahora serás pescador de hombres. (Lc 5,10)",El llamado de Dios llega cuando ya has fallado y lo sabes.¿Estás esperando tener éxito propio antes de seguirlo a él?Responde hoy al llamado desde donde estás no desde donde quisieras estar.,V Domingo del Tiempo Ordinario
2026-02-09,"Todos los que lo tocaban quedaban curados. (Mc 6,56)",Hay personas cuya sola presencia sana. Puedes ser una de ellas.¿Qué llevas tú: presencia que cura o energía que agota a los demás?Ofrece hoy presencia real a alguien que la necesita. Sin distracciones.,Tiempo Ordinario V
2026-02-10,"Este pueblo me honra con los labios, pero su corazón está lejos de mí. (Mc 7,6)",La religiosidad sin conversión es teatro. Y Dios no paga entrada.¿Cuánto de tu práctica religiosa es hábito vacío y cuánto es encuentro real?Elige hoy una práctica espiritual que sea genuina no performativa.,Tiempo Ordinario V
2026-02-11,"Lo que sale del corazón contamina al hombre. (Mc 7,20)",El problema no es el mundo afuera. El problema suele ser adentro.¿De dónde vienen las palabras y acciones que más daño hacen a los demás?Trabaja hoy sobre una actitud interior antes de señalar algo externo.,Tiempo Ordinario V
2026-02-12,"Déjame que primero se sacien los hijos. (Mc 7,27)",A veces Dios pone obstáculos para ver si sigues pidiendo o te rindes.¿Cuándo fue la última vez que insististe en la oración sin rendirte?Vuelve hoy a una petición que abandonaste. No desistas todavía.,Tiempo Ordinario V
2026-02-13,"Se le abrieron los oídos y se le soltó la lengua. (Mc 7,35)",Antes de hablar hay que aprender a escuchar. En ese orden.¿Cuánto tiempo dedicas a escuchar a Dios frente a cuánto le hablas?Invierte el balance hoy: escucha más habla menos.,Tiempo Ordinario V
2026-02-14,"Siento compasión de esta gente. (Mc 8,2)",Jesús nunca ignoró el hambre real de las personas. Nunca.¿Estás tan ocupado con lo espiritual que ignoras las necesidades materiales de quienes tienes cerca?Atiende hoy una necesidad concreta: alimento abrigo compañía.,Tiempo Ordinario V
2026-02-15,"Bienaventurados los pobres. Ay de ustedes, los ricos. (Lc 6,20.24)",Dios no premia la comodidad. Premia la dependencia consciente de él.¿Cuánta de tu seguridad viene de lo que tienes y cuánta de quien eres?Reduce hoy voluntariamente algo. No como penitencia sino como libertad.,VI Domingo del Tiempo Ordinario
2026-02-16,"¿Por qué esta generación pide una señal? (Mc 8,12)",Exigir señales antes de creer es otra forma de no querer creer.¿Cuántas señales has recibido ya que sigues ignorando?Reconoce hoy una señal de Dios que has estado descartando como coincidencia.,Tiempo Ordinario VI
2026-02-17,"¿Todavía no comprenden ni recuerdan? (Mc 8,18)",La memoria espiritual es un músculo. Se atrofia si no se ejercita.¿Con qué frecuencia recuerdas lo que Dios ya ha hecho en tu vida?Escribe hoy tres cosas concretas que Dios ha hecho por ti. No lo olvides.,Tiempo Ordinario VI
2026-02-18,"Tu Padre, que ve en lo secreto te recompensará. (Mt 6,6)",Lo que haces sin audiencia revela quién eres de verdad.¿Cuánto de tu vida espiritual vive solo en público?Haz hoy algo bueno que nadie vea. Ni lo cuentes.,Miércoles de Ceniza
2026-02-19,"¿De qué le sirve al hombre ganar el mundo entero si se pierde a sí mismo? (Lc 9,25)",El peor fracaso no es perder lo que tienes. Es perderte a ti mismo.¿En qué estás invirtiendo tu vida y hacia dónde te está llevando?Evalúa hoy si lo que persigues te acerca o aleja de quien quieres ser.,Cuaresma
2026-02-20,"Llegará el día en que el novio les será quitado. (Mt 9,15)",La fe también tiene temporadas de ausencia. No te alarmes por ellas.¿Estás en un tiempo de sequía espiritual y no sabes cómo nombrarlo?Nombra hoy esa sequía ante Dios. El primer paso es ser honesto sobre ella.,Cuaresma
2026-02-21,"He venido a llamar no a los justos sino a los pecadores al arrepentimiento. (Lc 5,32)",Jesús fue a cenar con los que todos evitaban. Eso dice todo.¿A quién estás evitando que Jesús no evitaría?Haz espacio hoy para alguien que está en los márgenes de tu mundo.,Cuaresma
2026-02-22,"No solo de pan vive el hombre. (Lc 4,4)",Hay hambre que ningún logro material puede saciar.¿Qué hambre espiritual estás tratando de calmar con cosas que no nutren?Identifica ese hambre real y busca hoy alimentarla con lo que sí nutre.,Cuaresma
2026-02-23,"Lo que hicieron con el más pequeño de mis hermanos, conmigo lo hicieron. (Mt 25,40)",Dios no está escondido en el cielo. Está disfrazado de necesidad.¿Cuándo fue la última vez que viste a Dios en un rostro humano concreto?Mira hoy a los ojos a alguien que normalmente invisibilizas.,Cuaresma I
2026-02-24,"Perdona nuestras ofensas como nosotros perdonamos a los que nos ofenden. (Mt 6,12)",Cada vez que rezas el Padrenuestro pides ser tratado como tú tratas.¿A quién no has perdonado que tú le pedirías a Dios que te perdonara?Da hoy un paso hacia el perdón aunque sea pequeño e imperfecto.,Cuaresma I
2026-02-25,"La reina del Sur vino de los confines de la tierra para escuchar la sabiduría de Salomón. (Lc 11,31)",Hay personas que buscan la verdad desde lejos. Y otros que la tienen cerca y no la valoran.¿Estás desperdiciando el acceso que tienes a Dios por costumbre?Trata hoy tu fe como si la acabaras de descubrir por primera vez.,Cuaresma I
2026-02-26,"Pidan y se les dará. (Mt 7,7)",La oración no es un formulario. Es una conversación con alguien que ya quiere darte.¿Pides con fe o solo cumples el trámite de pedir?Pide hoy algo específico con confianza real sin hedgearlo con dudas.,Cuaresma I
2026-02-27,"Reconcíliate primero con tu hermano. (Mt 5,24)",No puedes adorar a Dios con una deuda relacional sin resolver.¿Con quién tienes una cuenta pendiente que estás posponiendo?Inicia hoy esa reconciliación. Un mensaje una llamada lo que sea.,Cuaresma I
2026-02-28,"Amen a sus enemigos y oren por los que los persiguen. (Mt 5,44)",Amar al que ya te ama no tiene mérito. El desafío real es el otro.¿Hay alguien que te ha lastimado por quien nunca has orado?Ora hoy por esa persona. No tienes que sentirlo para empezar.,Cuaresma I
2026-03-01,"Este es mi Hijo, mi escogido. Escúchenlo. (Lc 9,35)",Dios mismo nos dice: escúchalo. No lo interpretes. Escúchalo.¿Cuánto tiempo dedicas a escuchar la Palabra frente a hablar de ella?Lee hoy un pasaje del Evangelio despacio. Sin prisa. Sin buscar nada.,II Domingo de Cuaresma
2026-03-02,"Sean misericordiosos como su Padre es misericordioso. (Lc 6,36)",La misericordia no es debilidad. Es el estilo de Dios aplicado a la vida real.¿Eres más rápido para juzgar que para comprender?Antes de juzgar a alguien hoy pregunta qué historia carga que no conoces.,Cuaresma II
2026-03-03,"El mayor entre ustedes será su servidor. (Mt 23,11)",El poder al servicio de sí mismo corrompe. El poder al servicio de otros transforma.¿Para qué usas la influencia o el talento que tienes?Pon hoy tu capacidad al servicio de alguien que no puede devolverte nada.,Cuaresma II
2026-03-04,"El que quiera ser grande entre ustedes, que sea su servidor. (Mt 20,26)",En el reino la grandeza se mide al revés de como el mundo la mide.¿Estás buscando ser reconocido o buscando ser útil?Sirve hoy sin que nadie lo sepa. Sin foto. Sin mención.,Cuaresma II
2026-03-05,"Entre nosotros y ustedes hay un gran abismo. (Lc 16,26)",Hay decisiones que tomadas en vida se vuelven permanentes.¿Qué decisión importante sigues postergando como si tuvieras todo el tiempo del mundo?Decide hoy algo que llevas aplazando demasiado.,Cuaresma II
2026-03-06,"La piedra que desecharon los constructores se convirtió en piedra angular. (Mt 21,42)",Lo que el mundo descarta Dios lo pone como fundamento.¿Qué o a quién has descartado que podría ser precisamente lo que te falta?Reconsideraré hoy algo o a alguien que descarté demasiado rápido.,Cuaresma II
2026-03-07,"Cuando aún estaba lejos, su padre lo vio y corrió a su encuentro. (Lc 15,20)",Dios no espera que llegues limpio. Corre hacia ti cuando todavía estás en camino.¿Sientes que tienes que arreglarte antes de volver a él?Vuelve hoy tal como estás. Sin preparación previa.,Cuaresma II
2026-03-08,"Si no se convierten, todos perecerán. (Lc 13,3)",La conversión no es un evento religioso. Es cambiar la dirección de tu vida.¿Hay algo en tu vida que sabes que necesita cambiar y sigues esperando?Da hoy un paso concreto de conversión. Uno. Concreto.,III Domingo de Cuaresma
2026-03-09,"Jesús pasó por en medio de ellos y se marchó. (Lc 4,30)",Cuando rechazas la verdad la verdad no muere. Tú te quedas solo.¿Cuántas veces has rechazado algo de Dios porque incomodaba tu zona de confort?Identifica hoy una verdad del Evangelio que te molesta y pregúntate por qué.,Cuaresma III
2026-03-10,"¿Cuántas veces debo perdonar? Hasta setenta veces siete. (Mt 18,22)",El perdón no es un sentimiento. Es una decisión que se renueva.¿Hay alguien a quien has 'perdonado' pero sigues cargando con resentimiento?Elige hoy volver a perdonar. Aunque sea la décima vez.,Cuaresma III
2026-03-11,"No vine a abolir la ley sino a darle plenitud. (Mt 5,17)",La ley sin amor es rigor vacío. El amor sin ley es sentimentalismo.¿Entiendes la ley de Dios como límite o como camino hacia la vida plena?Cumple hoy un mandamiento no por obligación sino porque entiendes su sentido.,Cuaresma III
2026-03-12,"El que no está conmigo, está contra mí. (Lc 11,23)",No hay posición neutral frente al Evangelio. Siempre hay una elección.¿Hay áreas de tu vida donde estás evitando tomar partido?Define hoy tu postura sobre algo importante. La ambigüedad también es una decisión.,Cuaresma III
2026-03-13,"Amarás al Señor tu Dios con todo tu corazón y a tu prójimo como a ti mismo. (Mc 12,30-31)",Todo lo demás es comentario de estos dos mandamientos.¿Estás cumpliendo muchos mandatos secundarios mientras descuidas estos dos?Elige hoy un acto concreto de amor a Dios y uno a una persona cercana.,Cuaresma III
2026-03-14,"El publicano, de lejos no se atrevía a levantar los ojos al cielo. (Lc 18,13)",La humildad que se ve a sí misma pequeña ante Dios es la que más lo conmueve.¿Rezas como el fariseo que enumera logros o como el publicano que reconoce su necesidad?Ora hoy sin listar lo que has hecho. Solo con lo que eres.,Cuaresma III
2026-03-15,"Todo lo mío es tuyo. (Lc 15,31)",El hijo mayor nunca se fue pero tampoco entró a la fiesta. La obediencia sin amor también pierde.¿Cumples externamente pero tu corazón está lejos de la fiesta de Dios?Celebra hoy algo bueno que Dios haya hecho aunque no lo hayas pedido tú.,IV Domingo de Cuaresma
2026-03-16,"Anda, tu hijo vive. (Jn 4,50)",A veces la sanación llega cuando ya no estás presente para verla. Y tienes que creer.¿Confías en Dios solo cuando ves los resultados o también cuando tienes que creer sin ver?Ora hoy por alguien lejos de ti confiando sin necesitar comprobación inmediata.,Cuaresma IV
2026-03-17,"¿Quieres curarte? (Jn 5,6)",Jesús pregunta antes de sanar. Porque no todos quieren realmente cambiar.¿Quieres de verdad cambiar eso que dices querer cambiar?Responde con honestidad: ¿estás dispuesto al proceso que implica la sanación?,Cuaresma IV
2026-03-18,"El Hijo no puede hacer nada por su cuenta. (Jn 5,19)",Hasta Jesús actuaba en dependencia del Padre. ¿Y tú?¿Cuánto de lo que haces lo haces desde tu propia fuerza sin consultarle?Pide hoy dirección antes de actuar en algo importante.,Cuaresma IV
2026-03-19,"No temas tomar a María como esposa. (Mt 1,20)",La obediencia de José cambió la historia sin que él dijera una sola palabra en los Evangelios.¿Cuánto valor das al silencio obediente frente a la notoriedad?Actúa hoy con fidelidad en algo que nadie notará pero que importa.,San José Esposo de la Virgen María
2026-03-20,"¿De este no sabemos de dónde viene? (Jn 7,27)",El origen conocido suele ser el mayor obstáculo para reconocer lo extraordinario.¿A quién estás subestimando porque crees conocerlo demasiado?Mira hoy con ojos nuevos a alguien que das por sabido.,Cuaresma IV
2026-03-21,"¿Acaso puede salir algo bueno de Galilea? (Jn 7,52)",Los prejuicios teológicos también cierran puertas.¿Cuántas veces rechazas algo de Dios porque no viene del canal que esperabas?Abre hoy a recibir algo de Dios desde donde no lo esperabas.,Cuaresma IV
2026-03-22,"El que esté sin pecado que tire la primera piedra. (Jn 8,7)",La condena sin misericordia dice más del que condena que del condenado.¿Cuántas piedras llevas en la mano listas para lanzar?Suelta hoy el juicio que tienes sobre alguien. No es tuyo cargarlo.,V Domingo de Cuaresma
2026-03-23,"Yo soy la luz del mundo. (Jn 8,12)",La oscuridad no lucha contra la luz. Simplemente desaparece cuando ella llega.¿Qué oscuridad en tu vida has estado protegiendo en lugar de dejar que la luz entre?Abre hoy esa área oscura a la presencia de Jesús. Sin más rodeos.,Cuaresma V
2026-03-24,"Cuando levanten al Hijo del hombre, entonces sabrán. (Jn 8,28)",Hay cosas que solo se entienden desde la cruz. No antes.¿Qué está pasando en tu vida que todavía no entiendes pero que quizá solo se ve desde abajo?Confía hoy en lo que no comprendes. La comprensión llega después.,Cuaresma V
2026-03-25,"He aquí la esclava del Señor. Hágase en mí según tu palabra. (Lc 1,38)",El sí más pequeño puede cambiar la historia entera.¿Cuántas veces Dios ha esperado tu sí y tú has seguido pidiendo más garantías?Di hoy un sí donde llevas tiempo dando evasivas.,Anunciación del Señor
2026-03-26,"Antes que Abraham existiera, yo soy. (Jn 8,58)",Jesús no habla de historia. Habla de eternidad presente.¿Tratas a Jesús como a un personaje histórico o como a alguien vivo?Habla hoy con él como con alguien que está contigo ahora mismo.,Cuaresma V
2026-03-27,"¿Por cuál de esas obras me apedreas? (Jn 10,32)",El odio al bien no tiene argumentos. Solo tiene piedras.¿Cuándo fue la última vez que perseveraste en hacer el bien a pesar del rechazo?Continúa hoy en algo bueno aunque nadie lo agradezca.,Cuaresma V
2026-03-28,"Buscaban a Jesús. (Jn 11,56)",Hasta el miedo lo busca. Incluso sus enemigos querían encontrarlo.¿Qué calidad tiene tu búsqueda de Dios: genuina o condicionada?Busca hoy a Dios sin agenda. Sin lista de peticiones. Solo encuéntralo.,Cuaresma V
2026-03-29,"Padre perdónalos porque no saben lo que hacen. (Lc 23,34)",La última palabra de Jesús en la cruz no fue condena. Fue perdón.¿Aún esperas que quien te hizo daño reconozca su error para perdonarlo?Perdona hoy sin esperar que te pidan perdón.,Domingo de Ramos
2026-03-30,"Déjenla. Guardaba esto para el día de mi sepultura. (Jn 12,7)",No todo gesto de amor necesita ser comprendido por todos para ser válido.¿Has dejado de hacer algo hermoso por miedo a que no lo entiendan?Haz hoy un gesto de amor sin necesidad de que nadie lo entienda.,Semana Santa
2026-03-31,"¿Darás tu vida por mí? (Jn 13,38)",La lealtad declarada y la lealtad probada son dos cosas distintas.¿Cuánto de tu fe aguanta cuando nadie te está mirando o cuando cuesta algo real?Sé fiel hoy en algo pequeño que nadie nota. Es donde se forja el carácter.,Semana Santa
2026-04-01,"¿Acaso soy yo, Señor? (Mt 26,22)",Cada uno de los doce preguntó si era él el traidor. Eso dice algo de la honestidad.¿Tienes el valor de preguntarte si tú también podrías traicionar?Examina hoy con honestidad tus lealtades reales.,Semana Santa
2026-04-02,"Si yo el Señor les lavé los pies también ustedes deben lavarse los pies unos a otros. (Jn 13,14)",El servicio no es condescendencia. Es igualdad ejercida desde abajo.¿A quién nunca te bajarías a servir aunque Jesús lo hizo?Sirve hoy a alguien a quien normalmente no servirías.,Jueves Santo
2026-04-03,"Todo está cumplido. (Jn 19,30)",En la cruz no hay derrota. Hay plenitud.¿Dónde estás buscando cumplimiento que solo la entrega total puede dar?Permanece hoy un momento ante la cruz. Sin palabras. Solo presente.,Viernes Santo
2026-04-04,"¿Por qué buscan entre los muertos al que está vivo? (Lc 24,5)",El error más común en la fe: buscar a un Dios muerto en lugares donde ya no está.¿Estás viviendo una fe del pasado o un encuentro presente con el Resucitado?Busca hoy señales de vida no de muerte. Él no está donde lo dejaste.,Vigilia Pascual
2026-04-05,"Vio y creyó. (Jn 20,8)",A veces la fe no necesita explicación. Solo ver con los ojos abiertos.¿Cuánta evidencia de Dios en tu vida has pasado por alto?Cuenta hoy tres razones para creer que vienen de tu propia experiencia.,Domingo de Pascua
2026-04-06,"Jesús les salió al encuentro. (Mt 28,9)",El Resucitado no espera en el templo. Sale a buscar a los suyos.¿Estás esperando que Dios se te aparezca en un momento sagrado o lo buscas en tu camino ordinario?Sal hoy convencido de que lo encontrarás en el camino.,Octava de Pascua
2026-04-07,"María. (Jn 20,16)",Su nombre pronunciado por Jesús fue suficiente para transformar el llanto en gozo.¿Crees que Dios te conoce por nombre no por número?Escucha hoy tu nombre como si Dios te lo dijera.,Octava de Pascua
2026-04-08,"¿No ardía nuestro corazón mientras nos hablaba en el camino? (Lc 24,32)",Dios suele estar en los caminos donde menos lo esperamos caminando con nosotros.¿Has reconocido a Jesús en la compañía de alguien que caminó contigo en un momento difícil?Identifica hoy quién ha sido Jesús para ti sin saberlo.,Octava de Pascua
2026-04-09,"La paz sea con ustedes. (Lc 24,36)",La primera palabra del Resucitado no fue reproche. Fue paz.¿Cuánto reproche te das a ti mismo que Jesús nunca te daría?Recibe hoy su paz. Específicamente en el área donde más te condenas.,Octava de Pascua
2026-04-10,"Tiren la red al lado derecho. (Jn 21,6)",A veces estamos trabajando duro en el lado equivocado.¿Estás esforzándote en una dirección que no es la que Dios señala?Pregunta hoy si estás remando en la dirección correcta antes de remar más fuerte.,Octava de Pascua
2026-04-11,"Se les apareció y los reprendió por su incredulidad. (Mc 16,",Dios puede reprenderte por no creer y aun así enviarte a anunciar. Eso es gracia.¿Sientes que tu falta de fe te descalifica para servir?Sirve hoy desde tu fe imperfecta. No desde la perfecta que no tienes.,Octava de Pascua
2026-04-12,"Dichosos los que crean sin haber visto. (Jn 20,29)",La fe que no necesita prueba es la más libre de todas.¿Cuántas condiciones pones antes de creer?Cree hoy algo específico sin exigir evidencia adicional.,II Domingo de Pascua - Divina Misericordia
2026-04-13,"Si no renace uno de lo alto, no puede ver el reino de Dios. (Jn 3,3)",Nacer de nuevo no es una expresión metafórica. Es una transformación real.¿Cuándo fue la última vez que Dios cambió algo fundamental en ti?Abre hoy tu vida a una transformación en el área más resistente.,Tiempo Pascual II
2026-04-14,"El Espíritu sopla donde quiere. (Jn 3,8)",No puedes controlar dónde actúa el Espíritu. Solo puedes estar disponible.¿Estás exigiendo que Dios actúe según tus esquemas?Sé flexible hoy. Permite que el Espíritu te sorprenda fuera de tus planes.,Tiempo Pascual II
2026-04-15,"Dios amó tanto al mundo que entregó a su Hijo único. (Jn 3,16)",El amor de Dios no es sentimiento. Es entrega total.¿Cómo sería tu vida si creyeras de verdad que eres tan amado?Vive hoy desde la certeza de ese amor. No desde el miedo.,Tiempo Pascual II
2026-04-16,"El que viene de arriba está por encima de todos. (Jn 3,31)",Hay perspectivas humanas y hay perspectiva divina. No son lo mismo.¿Cuántas decisiones tomas desde la perspectiva de lo que todos piensan en lugar de lo que Dios ve?Consulta hoy con Dios antes de consultar con la galería.,Tiempo Pascual II
2026-04-17,"¿Qué es eso para tanta gente? (Jn 6,9)",Lo que parece insuficiente en manos de Dios se convierte en desbordante.¿Te estás paralizando porque crees que lo que tienes no es suficiente?Ofrece hoy lo que tienes aunque sea poco. Y confía en el resto.,Tiempo Pascual II
2026-04-18,"Soy yo. No teman. (Jn 6,20)",En la oscuridad y en la tormenta Jesús viene caminando hacia ti.¿Cuál es tu tormenta más reciente? ¿Lo has invitado a ella?Permítele entrar hoy a la barca de tu situación más agitada.,Tiempo Pascual II
2026-04-19,"¿Me amas? (Jn 21,17)",Tres veces pregunta. No para herirlo. Para restaurarlo completamente.¿Cuántas negaciones tuyas necesitan ser sanadas por tres afirmaciones de amor?Responde hoy con sinceridad a esa pregunta: ¿lo amas?,III Domingo de Pascua
2026-04-20,"Trabajen no por el alimento que perece, sino por el que permanece. (Jn 6,27)",El problema no es trabajar. Es trabajar para lo que no dura.¿Qué porcentaje de tu energía va a cosas eternas frente a cosas temporales?Invierte hoy algo de tiempo en algo que dure más allá de esta semana.,Tiempo Pascual III
2026-04-21,"Yo soy el pan de vida. (Jn 6,35)",El hambre más profunda del ser humano no se sacia en ningún supermercado.¿Qué estás usando para tapar un hambre que solo él puede llenar?Identifica hoy ese sustituto y llévalo ante él con honestidad.,Tiempo Pascual III
2026-04-22,"Todo el que cree en el Hijo tiene vida eterna. (Jn 6,40)",La vida eterna no empieza cuando mueres. Empieza cuando crees.¿Estás viviendo ya en esa vida o la tienes solo como promesa futura?Vive hoy desde la eternidad que ya posees.,Tiempo Pascual III
2026-04-23,"Yo soy el pan vivo bajado del cielo. (Jn 6,51)",Hay cosas que solo se reciben. No se fabrican¿Qué estás fabricando en tu vida que deberías estar recibiendo? no se compran.Abre las manos hoy. Deja de fabricar lo que ya fue dado.,Tiempo Pascual III
2026-04-24,"El que come mi carne y bebe mi sangre tiene vida eterna. (Jn 6,54)",La Eucaristía no es un símbolo. Es encuentro real con el que da vida.¿Cuándo fue la última vez que participaste en la Eucaristía consciente de lo que recibías?Ve a Misa pronto con la disposición de quien va a encontrarse no de quien va a cumplir.,Tiempo Pascual III
2026-04-25,"¿También ustedes quieren irse? (Jn 6,67)",Jesús no ruega que se queden. Pregunta. Y espera una respuesta libre.¿Sigues con él porque quieres o solo porque es lo que conoces?Elige hoy quedarte. Conscientemente. Con las palabras de Pedro: '¿A quién iríamos?',Tiempo Pascual III
2026-04-26,"Mis ovejas escuchan mi voz y yo las conozco. (Jn 10,27)",Él no te conoce como dato. Te conoce como persona con tu historia completa.¿Reconoces su voz cuando habla o solo cuando habla como tú quieres?Entrena hoy tu oído espiritual. Silencio. Atención. Escucha.,IV Domingo de Pascua
2026-04-27,"Yo vine para que tengan vida y la tengan en abundancia. (Jn 10,10)",Vida abundante no es vida sin sufrimiento. Es vida plena con sentido.¿Estás viviendo en abundancia de sentido o solo acumulando días?Pregunta hoy qué le da sentido a tu existencia y actúa desde ahí.,Tiempo Pascual IV
2026-04-28,"Las obras que hago en nombre de mi Padre dan testimonio de mí. (Jn 10,25)",Las acciones son el argumento más poderoso de la fe.¿Qué dicen tus acciones sobre lo que crees?Actúa hoy de una manera que sea testimonio de fe sin necesidad de palabras.,Tiempo Pascual IV
2026-04-29,"Yo no vine a juzgar al mundo sino a salvarlo. (Jn 12,47)",El que vino a salvar no vino a condenar. Deberías hacer lo mismo.¿Cuánto tiempo dedicas a juzgar lo que Dios dedica a salvar?Mira hoy a alguien con los ojos de la salvación no del juicio.,Tiempo Pascual IV
2026-04-30,"El siervo no es más que su señor. (Jn 13,16)",Si el Maestro sufrió rechazo sus seguidores también lo sufrirán.¿Estás molesto con Dios porque la vida de fe no es cómoda?Acepta hoy el costo del discipulado sin resentimiento.,Tiempo Pascual IV
2026-05-01,"No se turbe su corazón. Crean en Dios y crean también en mí. (Jn 14,1)",La turbación del corazón se cura con confianza no con certeza.¿Estás esperando que todas las dudas desaparezcan para dejar de estar turbado?Confía hoy con el corazón aunque la mente siga haciendo preguntas.,Tiempo Pascual IV - San José Obrero
2026-05-02,"7-14""|""El que me ha visto a mí, ha visto al Padre. (Jn 14",Si quieres saber cómo es Dios mira a Jesús. Solo eso.¿Tu imagen de Dios se parece a Jesús o a tus miedos proyectados?Lee hoy un milagro o conversación de Jesús y ajusta tu imagen de Dios a ella.,Tiempo Pascual IV
2026-05-03,"Ámense unos a otros como yo los he amado. (Jn 13,34)",El mandato nuevo no es genérico. Tiene una medida: como él amó.¿Estás amando con ese estándar o con el estándar de lo que te conviene?Ama hoy a alguien con la medida del Evangelio no con la tuya.,V Domingo de Pascua
2026-05-04,"El Espíritu Santo les enseñará todas las cosas. (Jn 14,26)",Tienes un maestro interno. ¿Lo consultas o actúas solo?¿Cuántas decisiones tomas sin detenerte a escuchar al Espíritu?Pausa hoy antes de una decisión y pregunta al Espíritu. En serio.,Tiempo Pascual V
2026-05-05,"Mi paz les doy. No como la da el mundo. (Jn 14,27)",La paz del mundo depende de las circunstancias. La de Dios no.¿Tu paz depende de que todo esté bien o viene de algo más profundo?Practica hoy la paz que no depende de las noticias ni del estado de tu cuenta bancaria.,Tiempo Pascual V
2026-05-06,"El que permanece en mí y yo en él, ese da mucho fruto. (Jn 15,5)",El fruto no viene del esfuerzo. Viene de la permanencia.¿Estás esforzándote por dar fruto sin estar conectado a la vid?Permanece hoy en oración antes de actuar. La conexión primero.,Tiempo Pascual V
2026-05-07,"Permanezcan en mi amor. (Jn 15,9)",El amor de Dios no es un destino al que llegar. Es una morada en la que vivir.¿Vives dentro del amor de Dios o solo lo visitas de vez en cuando?Habita hoy conscientemente en ese amor. Toma cada decisión desde adentro de él.,Tiempo Pascual V
2026-05-08,"No son ustedes los que me eligieron a mí, sino yo qui los elegí. (Jn 15,16)",Ser elegido no es un privilegio para enorgullecerse. Es una responsabilidad para fructificar.¿Usas tu fe como distinción o como servicio?Fructifica hoy en algo concreto para alguien que no puede darte nada a cambio.,Tiempo Pascual V
2026-05-09,"Si el mundo los odia, sepan que a mí me odió primero. (Jn 15,18)",El rechazo por vivir bien no es fracaso. Es señal de que vas en la dirección correcta.¿Estás moldeando tu vida para que el mundo no te rechace a costa de perder autenticidad?Elige hoy ser auténtico aunque incomode. Vale más que ser aprobado.,Tiempo Pascual V
2026-05-10,"El Padre y yo vendremos a él y haremos morada en él. (Jn 14,23)",La Trinidad no habita en los templos. Habita en quien obedece por amor.¿Es tu vida un lugar donde Dios quiere quedarse?Prepara hoy tu interior como quien prepara su casa para un huésped importante.,VI Domingo de Pascua
2026-05-11,"Cuando venga el Paráclito él dará testimonio de mí. (Jn 15,26)",El Espíritu testifica. Tú también puedes.¿Tu vida es testimonio de que Jesús está vivo o es más bien un argumento en contra?Sé hoy un testimonio vivo con una acción que solo se explica desde la fe.,Tiempo Pascual VI
2026-05-12,"Les conviene que yo me vaya. (Jn 16,7)",A veces la partida de lo conocido es la condición para recibir algo mejor.¿Qué estás aferrando que impide que el Espíritu trabaje con libertad?Suelta hoy una seguridad que se ha convertido en obstáculo.,Tiempo Pascual VI
2026-05-13,"Él los irá introduciendo en la verdad completa. (Jn 16,13)",La verdad completa no se recibe de golpe. Se va revelando en el camino.¿Tienes la paciencia para crecer en la verdad paso a paso sin atajos?Confía hoy en el proceso de revelación gradual. No pretendas saberlo todo ya.,Tiempo Pascual VI
2026-05-14,"Ustedes son testigos de esto. (Lc 24,48)",Testigo no es alguien que opina. Es alguien que vio que vivió que sabe.¿De qué puedes dar testimonio personal porque lo has vivido con Dios?Comparte hoy una experiencia personal de fe con alguien. No una doctrina. Una experiencia.,Ascensión del Señor
2026-05-15,"Su tristeza se convertirá en alegría. (Jn 16,20)",Toda tristeza de fe tiene fecha de expiración. La alegría es la última palabra.¿Estás en el tiempo de la tristeza y no ves la alegría que viene?Sostén hoy la esperanza. No como negación del dolor sino como certeza del amanecer.,Tiempo Pascual VI
2026-05-16,"Pidan y recibirán para que su alegría sea perfecta. (Jn 16,24)",Dios quiere que tu alegría sea completa. No parcial no a medias.¿Te has acostumbrado a una fe de media alegría?Pide hoy por alegría completa. Y espérala.,Tiempo Pascual VI
2026-05-17,"Para que todos sean uno como tú y yo somos uno. (Jn 17,21)",La unidad de los creyentes es la prueba más visible de que Dios existe.¿Estás construyendo unidad o alimentando divisiones en el nombre de la verdad?Construye hoy un puente donde haya fractura.,VII Domingo de Pascua
2026-05-18,"En el mundo tendrán tribulaciones, pero ánimo: yo he vencido al mundo. (Jn 16,33)",No prometió ausencia de tormenta. Prometió victoria sobre ella.¿Estás midiendo tu fe por la cantidad de problemas que tienes?Recuerda hoy que el que ya venció está de tu lado.,Tiempo Pascual VII
2026-05-19,"Te he glorificado en la tierra terminando la obra que me encomendaste. (Jn 17,4)",La gloria de Dios no está en los discursos. Está en la obra terminada.¿Cuántas obras empezadas tienes sin terminar porque perdiste la motivación?Retoma hoy algo que dejaste a medias y dale un paso de avance.,Tiempo Pascual VII
2026-05-20,"No son del mundo, como tampoco yo soy del mundo. (Jn 17,16)",Estar en el mundo sin ser del mundo no es aislamiento. Es misión con criterio propio.¿En qué áreas de tu vida el mundo te está moldeando más que el Evangelio?Elige hoy un criterio evangélico sobre uno mundano en algo concreto.,Tiempo Pascual VII
2026-05-21,"Que el amor con que me amaste esté en ellos. (Jn 17,26)",Jesús rezó para que el amor del Padre habitara en ti. Ya rezó.¿Estás viviendo desde ese amor o desde el miedo?Toma hoy una decisión motivada por amor no por miedo.,Tiempo Pascual VII
2026-05-22,"Apacienta mis ovejas. (Jn 21,17)",El encargo de Jesús viene después del perdón. El servicio nace de la restauración.¿Has recibido el perdón de Dios y lo has convertido en servicio o lo guardas para ti?Cuida hoy a alguien de tu entorno como acto de amor agradecido.,Tiempo Pascual VII
2026-05-23,"¿A ti qué te importa? Tú, sígueme. (Jn 21,22)",La distracción más común en la fe es comparar tu camino con el de otro.¿Cuánto tiempo gastas mirando lo que Dios hace con otros en lugar de seguirlo tú?Enfoca hoy tu camino. El tuyo. No el de los demás.,Tiempo Pascual VII
2026-05-24,"Como el Padre me envió, también yo los envío. (Jn 20,21)",El Espíritu no viene para que disfrutes. Viene para que vayas.¿Estás reteniendo la misión o estás yendo?Identifica hoy a dónde te está enviando el Espíritu y da un paso concreto.,Pentecostés
2026-05-25,"¿Qué hago para heredar la vida eterna? (Mc 10,17)",La pregunta correcta ya es un comienzo.¿Estás haciendo las preguntas que llevan a la vida o las que te mantienen cómodo?Formula hoy una pregunta honesta sobre tu vida espiritual y busca respuesta.,Tiempo Ordinario VIII
2026-05-26,"Muchos primeros serán últimos y los últimos, primeros. (Mc 10,31)",Los criterios del reino invierten los del mundo. Siempre.¿Estás usando criterios mundanos para medir tu valía espiritual?Valórate hoy con la medida del Evangelio no la del éxito social.,Tiempo Ordinario VIII
2026-05-27,"El que quiera ser primero entre ustedes, que sea esclavo de todos. (Mc 10,44)",El liderazgo cristiano es servicio radical no gestión de poder.¿Usas tu posición para servir o para ser servido?Ejerce hoy una forma de liderazgo desde abajo.,Tiempo Ordinario VIII
2026-05-28,"¡Maestro, que pueda ver! (Mc 10,51)",Saber lo que necesitas y pedirlo con claridad ya es un acto de fe.¿Eres específico con Dios o le haces peticiones vagas?Pide hoy algo concreto con nombre y apellido.,Tiempo Ordinario VIII
2026-05-29,"La fe que mueve montañas no duda. (Mc 11,23)",La duda no es ausencia de fe. Pero la certeza activa moverá lo que la duda paraliza.¿Cuánta de tu oración es petición y cuánta es desconfianza disfrazada?Ora hoy desde la certeza de que Dios escucha aunque no veas el resultado.,Tiempo Ordinario VIII
2026-05-30,"¿Con qué autoridad haces esto? (Mc 11,28)",La autoridad real no necesita ser aprobada por quien está en el poder.¿De dónde viene tu autoridad para hablar y actuar en el nombre de Cristo?Actúa hoy desde la autoridad de quien está enviado no de quien busca permiso.,Tiempo Ordinario VIII
2026-05-31,"Él los irá introduciendo en la verdad completa. (Jn 16,13)",La Santísima Trinidad no es un dogma para memorizar. Es una relación en la que entramos.¿Es la Trinidad una fórmula para ti o una experiencia de amor?Dirige hoy una oración al Padre al Hijo y al Espíritu conscientemente.,Santísima Trinidad
2026-06-01,"El señor de la viña enviará a su hijo amado. (Mc 12,6)",Dios apostó todo en su Hijo. Ese es el tamaño de su amor.¿Correspondes a ese amor con la misma intensidad o con restos?Ofrece hoy algo que realmente cueste no lo que te sobra.,Tiempo Ordinario IX
2026-06-02,"Den al César lo que es del César y a Dios lo que es de Dios. (Mc 12,17)",La distinción no es separación. Todo tiene su lugar pero nada reemplaza a Dios.¿Cuánto de lo que le debes a Dios lo estás dando al César?Revisa hoy tus prioridades reales no las declaradas.,Tiempo Ordinario IX
2026-06-03,"Dios no es Dios de muertos sino de vivos. (Mc 12,27)","La resurrección no es una compensación futura. Es la lógica de un Dios que siempre da vida.¿Vives con la certeza de la resurrección o con el miedo de que todo termine?Toma hoy una decisión con horizonte eterno no solo inmediato.""",Tiempo Ordinario IX
2026-06-04,"No estás lejos del reino de Dios. (Mc 12,34)",A veces la puerta está más cerca de lo que crees. El problema es que buscas lejos.¿Estás buscando a Dios en lo extraordinario mientras lo tienes en lo ordinario?Encuéntralo hoy en lo más pequeño de tu día.,Tiempo Ordinario IX
2026-06-05,"El Señor dijo a mi Señor: siéntate a mi derecha. (Mc 12,36)",Jesús es señor sobre todo. No solo en el templo. En todo.¿Hay áreas de tu vida donde Jesús no es señor todavía?Dale hoy el trono en una área que guardabas solo para ti.,Tiempo Ordinario IX
2026-06-06,"Esta viuda pobre echó más que todos. (Mc 12,43)",Dios no mide lo que das. Mide lo que te queda después de dar.¿Das de lo que te sobra o te arriesgas a dar de lo que necesitas?Da hoy algo que te cueste un poco. Solo un poco más de lo cómodo.,Tiempo Ordinario IX
2026-06-07,"Él tomó los cinco panes y los dos peces, bendijo y partió. (Lc 9,16)",Jesús toma bendice parte y entrega. Eso también es lo que hace con tu vida.¿Estás disponible para ser tomado bendecido partido y entregado?Ofrécete hoy sin condiciones para lo que Dios quiera hacer contigo.,Corpus Christi
2026-06-08,"Bienaventurados los que tienen hambre y sed de justicia. (Mt 5,6)",Tener hambre de justicia no es quejarse del mundo. Es actuar para cambiarlo.¿Tu indignación ante la injusticia se convierte en acción o solo en comentarios?Actúa hoy en algo concreto por la justicia en tu entorno inmediato.,Tiempo Ordinario X
2026-06-09,"Ustedes son la sal de la tierra. (Mt 5,13)",La sal que ya no sala no sirve. La fe que no transforma tampoco.¿Qué está transformando tu fe en el mundo que te rodea?Sé hoy agente de cambio en algo específico de tu entorno.,Tiempo Ordinario X
2026-06-10,"El que los practique y enseñe será grande en el reino. (Mt 5,19)",No basta con saber. Hay que practicar. Y hay que enseñar con el ejemplo.¿Lo que enseñas con palabras lo viven quienes te observan?Sé hoy coherente entre lo que dices y lo que haces.,Tiempo Ordinario X
2026-06-11,"Si tu hermano tiene algo contra ti, ve a reconciliarte. (Mt 5,24)",La liturgia puede esperar. La reconciliación no.¿Hay alguien que tiene algo contra ti y has dejado la situación sin resolver?Busca hoy esa reconciliación. Primero ve a tu hermano después al altar.,Tiempo Ordinario X
2026-06-12,"Hay más alegría en el cielo por un pecador que se convierte. (Lc 15,7)",El corazón de Dios late más fuerte por el que regresa que por el que nunca se fue.¿Hay alguien 'perdido' en tu vida por quien estás orando o ya lo diste por perdido?Ora hoy con alegría anticipada por el regreso de alguien que todavía no volvió.,Sagrado Corazón de Jesús
2026-06-13,"¿No sabían que debo estar en las cosas de mi Padre? (Lc 2,49)",La identidad de Jesús era clara desde niño. ¿La tuya?¿Sabes claramente quién eres y para qué fuiste llamado?Define hoy en una frase tu identidad más profunda.,Inmaculado Corazón de María
2026-06-14,"Sus muchos pecados le son perdonados porque amó mucho. (Lc 7,47)",El amor no da derecho al perdón. Pero el perdonado mucho ama mucho.¿Cuánto has sido perdonado y cuánto amas como respuesta?Deja que el perdón recibido se convierta hoy en amor desbordante hacia alguien.,XI Domingo del Tiempo Ordinario
2026-06-15,"Al que te golpee en la mejilla derecha, ofrécele la otra. (Mt 5,39)",No es pasividad. Es superioridad moral que rompe el ciclo de la violencia.¿Cuándo fue la última vez que rompiste un ciclo de revancha con un gesto de gracia?Elige hoy no devolver el golpe. No porque no puedas sino porque no quieres.,Tiempo Ordinario XI
2026-06-16,"Amen a sus enemigos. (Mt 5,44)",Amar al enemigo no es un consejo para valientes. Es el estándar del Evangelio.¿Tienes enemigos a quienes solo aguantas o a quienes genuinamente deseas el bien?Desea hoy el bien de alguien que te ha causado daño. Aunque sea solo en silencio.,Tiempo Ordinario XI
2026-06-17,"Tu Padre que ve en lo oculto te recompensará. (Mt 6,4)",La audiencia que importa no te aplaude desde las redes. Ve en secreto.¿Cuánto de tu vida espiritual necesita ser visto para tener valor para ti?Haz hoy algo bueno que solo Dios verá. Y descansa en eso.,Tiempo Ordinario XI
2026-06-18,"Tu Padre sabe lo que necesitas antes de que se lo pidas. (Mt 6,8)",Si ya sabe ¿por qué pedir? Porque la oración te transforma a ti no a él.¿Oras para cambiar a Dios o para dejarte cambiar tú?Ora hoy con la actitud de quien se abre a ser transformado.,Tiempo Ordinario XI
2026-06-19,"Donde esté tu tesoro, allí estará también tu corazón. (Mt 6,21)",Lo que más cuidas revela lo que más quieres.¿Qué dice sobre ti lo que proteges lo que ahorras lo que inviertes?Examina hoy dónde está tu tesoro real y si coincide con lo que dices creer.,Tiempo Ordinario XI
2026-06-20,"No pueden servir a Dios y al dinero. (Mt 6,24)",No dice que el dinero sea malo. Dice que no puede ser señor.¿Cuántas de tus decisiones las dicta el dinero antes que tus valores?Toma hoy una decisión donde el dinero no sea el criterio principal.,Tiempo Ordinario XI
2026-06-21,"El que pierda su vida por mí, ese la salvará. (Lc 9,24)",La paradoja cristiana: perder para ganar. Morir para vivir.¿Qué estás aferrando que quizás necesitas soltar para vivir de verdad?Suelta hoy algo que te aferras por miedo a perder.,XII Domingo del Tiempo Ordinario
2026-06-22,"¿Por qué ves la paja en el ojo de tu hermano y no la viga en el tuyo? (Mt 7,3)",La crítica siempre es más fácil que el autoexamen.¿Cuánto tiempo al día dedicas a ver los fallos ajenos vs. los propios?Dedica hoy 10 minutos al autoexamen honesto antes de criticar a alguien.,Tiempo Ordinario XII
2026-06-23,"Entren por la puerta estrecha. (Mt 7,13)",El camino ancho es cómodo. El estrecho es el que lleva a donde quieres llegar de verdad.¿Estás tomando el camino fácil o el camino real?Elige hoy lo difícil pero lo correcto.,Tiempo Ordinario XII
2026-06-24,"¿Qué será este niño? (Lc 1,66)",Dios elige a los inesperados para las misiones más grandes.¿Cuántas veces has dicho que no estás preparado para lo que Dios te pide?Acepta hoy que Dios ya te preparó aunque no lo sientas.,Natividad de San Juan Bautista
2026-06-25,"Si quieres, puedes limpiarme. (Mt 8,2)",Si quieres. No 'si puedes'. El leproso ya sabía que podía. Preguntó si quería.¿Tu fe duda más de la voluntad de Dios que de su poder?Reza hoy afirmando que Dios quiere tu bien no solo que puede dártelo.,Tiempo Ordinario XII
2026-06-26,"Ve, hágase como creíste. (Mt 8,13)",La sanación llegó en proporción directa a la fe declarada.¿Estás creyendo a la altura de lo que pides?Ajusta hoy tu fe al tamaño de lo que necesitas no al tamaño de lo que crees posible.,Tiempo Ordinario XII
2026-06-27,"El vino nuevo se echa en odres nuevos. (Mt 9,17)",Lo nuevo de Dios no cabe en estructuras viejas de vida.¿Qué estructura vieja en tu vida está impidiendo que lo nuevo de Dios quepa?Renueva hoy una actitud o hábito que ha caducado.,Tiempo Ordinario XII
2026-06-28,"El que pone la mano en el arado y mira hacia atrás no es apto para el reino. (Lc 9,62)",Seguir a Jesús exige dirección. No se puede ir hacia adelante mirando atrás.¿Hay algo del pasado que te impide avanzar en tu camino de fe?Suelta hoy un pasado que te ancla y fija la mirada adelante.,XIII Domingo del Tiempo Ordinario
2026-06-29,"Tú eres Pedro y sobre esta piedra edificaré mi Iglesia. (Mt 16,18)",La Iglesia no se edifica sobre la perfección. Se edifica sobre la confesión de fe.¿Cuál es tu confesión personal de fe hoy? ¿La has dicho en voz alta?Declara hoy quién es Jesús para ti. Con tus propias palabras.,Santos Pedro y Pablo Apóstoles
2026-06-30,"¿Por qué tienen miedo, hombres de poca fe? (Mt 8,26)",Jesús estaba en la barca y aun así tenían miedo. El problema no era la tormenta.¿Estás mirando la tormenta o al que está contigo en ella?Cambia hoy el foco: de la tormenta a su presencia.,Tiempo Ordinario XIII
2026-07-01,"Le rogaron que se fuera de su territorio. (Mt 8,34)",Cuando Jesús cura algo que afecta el negocio lo echan.¿Hay áreas de tu vida donde le dices a Jesús: hasta aquí no entres más?Abre hoy una área que tenías cerrada para él.,Tiempo Ordinario XIII
2026-07-02,"Ánimo, hijo tus pecados te son perdonados. (Mt 9,2)",Jesús atendió primero el alma. El cuerpo vino después. Esa es la escala de prioridades.¿Cuidas más tu cuerpo que tu alma?Invierte hoy tanto tiempo en tu salud espiritual como en la física.,Tiempo Ordinario XIII
2026-07-03,"Señor mío y Dios mío. (Jn 20,28)",De la duda más radical a la confesión más profunda. Tomás llega más lejos que nadie.¿Permites que tus dudas te lleven a preguntas más profundas o las suprimes?Lleva hoy tu duda más grande directamente a Jesús. Sin rodeos.,Santo Tomás Apóstol
2026-07-04,"¿Por qué los discípulos no ayunan? (Mt 9,14)",Las prácticas espirituales no son fines en sí mismas. Sirven a la relación.¿Tus prácticas espirituales te acercan a Dios o son rutina que ya no te cambia?Revisa hoy una práctica espiritual y renueva su intención.,Tiempo Ordinario XIII
2026-07-05,"Los demonios se nos someten en tu nombre. (Lc 10,17)",La misión da autoridad que tú solo nunca tendrías.¿Estás actuando en el nombre de Jesús o en el tuyo propio?Actúa hoy conscientemente en su nombre en algo que hagas.,XIV Domingo del Tiempo Ordinario
2026-07-06,"No lloren; la niña no está muerta, está dormida. (Mt 9,24)",Lo que el mundo llama muerte Jesús lo llama sueño. Su perspectiva cambia todo.¿Cuántas situaciones has declarado muertas que para Dios siguen siendo posibilidades?Rescata hoy una esperanza que declaraste muerta prematuramente.,Tiempo Ordinario XIV
2026-07-07,"La mies es mucha y los obreros son pocos. (Mt 9,37)",El problema de la Iglesia no es falta de recursos. Es falta de obreros comprometidos.¿Eres un consumidor de fe o un obrero en la mies?Comprométete hoy con una forma concreta de misión aunque sea pequeña.,Tiempo Ordinario XIV
2026-07-08,"No vayan hacia los paganos; vayan a las ovejas perdidas de la casa de Israel. (Mt 10,5-6)",La misión empieza cerca no lejos. Tu vecino antes que el extranjero.¿A quién tienes cerca que está perdido y al que no prestas atención?Ocúpate hoy de alguien en tu entorno inmediato que necesita ser encontrado.,Tiempo Ordinario XIV
2026-07-09,"Si no los reciben, sacudan el polvo de sus pies. (Mt 10,14)",El rechazo no es el fracaso de la misión. Es parte esperada del camino.¿Has dejado de dar testimonio por miedo al rechazo?Comparte hoy algo de tu fe sin miedo a que no sea recibido.,Tiempo Ordinario XIV
2026-07-10,"Sean astutos como serpientes y sencillos como palomas. (Mt 10,16)",Ingenuidad no es virtud. La fe inteligente sabe en qué mundo actúa.¿Eres tan sencillo que eres ingenuo o tan astuto que perdiste la sencillez?Equilibra hoy lucidez y humildad en alguna situación que lo requiera.,Tiempo Ordinario XIV
2026-07-11,"No teman a los que matan el cuerpo. (Mt 10,28)",El miedo al hombre es una jaula. El temor a Dios es libertad.¿A quién temes más: a Dios o a la opinión humana?Actúa hoy desde el temor a Dios no desde el miedo a los hombres.,Tiempo Ordinario XIV
2026-07-12,"¿Quién fue el prójimo del que cayó en manos de los ladrones? (Lc 10,36)",El prójimo no se define por la proximidad geográfica. Se define por la acción compasiva.¿Hay alguien herido en tu camino que sigues esquivando?Detente hoy ante alguien que necesita ayuda aunque te cueste tiempo o comodidad.,XV Domingo del Tiempo Ordinario
2026-07-13,"No vine a traer paz sino espada. (Mt 10,34)",El Evangelio divide porque obliga a elegir. No porque quiera conflicto.¿Estás suavizando el Evangelio para que no incomode a nadie?Di hoy una verdad del Evangelio sin suavizar con respeto pero sin rodeos.,Tiempo Ordinario XV
2026-07-14,"¡Ay de ti, Corazín! ¡Ay de ti Betsaida! (Mt 11,21)",Ver los milagros y no convertirse es la forma más triste de desperdicio.¿Cuántos 'milagros' en tu historia personal has ignorado o minimizado?Haz un inventario hoy de lo que Dios ha hecho en tu vida que no has agradecido.,Tiempo Ordinario XV
2026-07-15,"Lo revelaste a los pequeños. (Mt 11,25)",Dios esconde la verdad a los sabios y la revela a los humildes. No es arbistrario: es consecuente.¿Cuánto de tu orgullo intelectual te impide recibir lo que solo se da a los pequeños?Hazte pequeño hoy. Pide entender algo que no entiendes.,Tiempo Ordinario XV
2026-07-16,"Mi yugo es llevadero y mi carga es ligera. (Mt 11,30)",Si tu fe es pesada quizás estás cargando algo que él no te pidió cargar.¿Qué cargas religiosas llevas que no vienen de Jesús sino de expectativas humanas?Suelta hoy una carga que te pusieron no él.,Tiempo Ordinario XV
2026-07-17,"Quiero misericordia y no sacrificio. (Mt 12,7)",El ritual sin amor ofende más que la ausencia de ritual.¿Estás tan ocupado con las prácticas religiosas que descuidas la misericordia concreta?Ejerce hoy misericordia antes que cualquier práctica religiosa.,Tiempo Ordinario XV
2026-07-18,"No levantará la voz ni la hará oír en las plazas. (Mt 12,19)",El poder de Dios no necesita publicidad. Opera en silencio y transforma.¿Cuánta de tu actividad espiritual necesita ser visible para ser válida para ti?Opera hoy en silencio. Sin anunciarlo.,Tiempo Ordinario XV
2026-07-19,"Marta, Marta te preocupas por muchas cosas. (Lc 10,41)",La distracción puede tener cara de virtud.¿Cuánta de tu actividad incluso religiosa te aleja de lo único necesario?Elige hoy la mejor parte: al menos un momento de presencia total con Dios.,XVI Domingo del Tiempo Ordinario
2026-07-20,"Aquí hay alguien más grande que Jonás. (Mt 12,41)",Siempre pedimos señales de lo que ya tenemos frente a nosotros.¿Qué señal estás buscando que ya tienes?Reconoce hoy la presencia de algo más grande que Jonás en tu propia historia.,Tiempo Ordinario XVI
2026-07-21,"El que hace la voluntad de mi Padre, ese es mi hermano. (Mt 12,50)",La familia espiritual no es de sangre. Es de fidelidad.¿Tus vínculos más fuertes están en la fe compartida o solo en la biología?Nutre hoy una relación de fe que sea más profunda que una de costumbre.,Tiempo Ordinario XVI
2026-07-22,"He visto al Señor. (Jn 20,18)",María Magdalena fue enviada a anunciar la Resurrección. El primer testigo fue una mujer.¿Quién en tu vida nunca esperarías que fuera portador de una buena noticia de Dios?Recibe hoy un mensaje de Dios de donde no lo esperas.,Santa María Magdalena
2026-07-23,"Bienaventurados sus ojos porque ven. (Mt 13,16)",Ver lo que otros no ven es el privilegio del discípulo. Y la responsabilidad también.¿Estás usando lo que ves o lo guardas solo para ti?Comparte hoy algo que has visto con los ojos de la fe.,Tiempo Ordinario XVI
2026-07-24,"La semilla en tierra buena es el que oye y entiende. (Mt 13,23)",Oír sin entender no produce fruto. La comprensión transforma.¿Escuchas la Palabra solo con los oídos o trabajas para entenderla?Medita hoy un pasaje del Evangelio hasta que algo en ti cambie.,Tiempo Ordinario XVI
2026-07-25,"El que quiera ser primero que sea esclavo. (Mt 20,27)",La ambición no está mal. Lo que está mal es hacia dónde apunta.¿Hacia dónde apunta tu ambición hoy?Redirige hoy una ambición personal hacia el servicio de los demás.,Santiago Apóstol
2026-07-26,"Señor, enséñanos a orar. (Lc 11,1)",La primera competencia del discípulo no es predicar ni servir. Es orar.¿Sabes orar o solo sabes recitar?Aprende hoy una nueva forma de orar que no sea solo repetición de fórmulas.,XVII Domingo del Tiempo Ordinario
2026-07-27,"El reino de los cielos es como un grano de mostaza. (Mt 13,31)",Lo más pequeño que haces en el nombre de Dios tiene un potencial que no puedes calcular.¿Estás subestimando el impacto de tus pequeños actos de bien?Haz hoy algo pequeño sabiendo que puede crecer mucho más de lo que imaginas.,Tiempo Ordinario XVII
2026-07-28,"Los justos brillarán como el sol en el reino de su Padre. (Mt 13,43)",El final de la historia es luminoso. No lo olvides en los tiempos oscuros.¿Estás viviendo desde el final victorioso o desde el miedo del presente?Vive hoy desde la esperanza del desenlace no desde la angustia del proceso.,Tiempo Ordinario XVII
2026-07-29,"Vendió todo lo que tenía y la compró. (Mt 13,46)",Cuando encuentras lo que vale todo lo demás deja de importar.¿Cuánto vale para ti lo que dices que es lo más importante de tu vida?Actúa hoy como alguien que ya encontró la perla y está dispuesto a pagarlo todo.,Tiempo Ordinario XVII
2026-07-30,"El escriba instruido en el reino saca de su tesoro cosas nuevas y antiguas. (Mt 13,52)",La fe madura no es solo tradición ni solo novedad. Es síntesis viva.¿Estás atrapado solo en lo antiguo o corres detrás de lo nuevo sin raíces?Integra hoy algo antiguo de tu fe con algo que has aprendido recientemente.,Tiempo Ordinario XVII
2026-07-31,"No hizo allí muchos milagros a causa de su incredulidad. (Mt 13,58)",La familiaridad puede ser el mayor obstáculo para el milagro.¿A qué le tienes familiaridad que ha matado tu asombro ante Dios?Recupéra hoy el asombro. Mira algo conocido como si lo vieras por primera vez.,Tiempo Ordinario XVII
2026-08-01,"Juan fue decapitado en la cárcel. (Mt 14,10)",La fidelidad a la verdad puede costar todo. Juan lo sabía y siguió.¿Cuánto vale para ti la verdad cuando el costo se vuelve real?Sostén hoy una postura verdadera aunque te cueste algo concreto.,Tiempo Ordinario XVII
2026-08-02,"Necio, esta noche te piden el alma. (Lc 12,20)",Los planes que no incluyen a Dios tienen fecha de expiración desconocida.¿Cuánto de tu planificación incluye a Dios y cuánto solo tus propios cálculos?Revisa hoy tus planes y pregunta si tienen dimensión eterna.,XVIII Domingo del Tiempo Ordinario
2026-08-03,"Dales de comer ustedes mismos. (Mt 14,16)",Antes de buscar quién resuelva el problema pregunta qué tienes tú para dar.¿Sueles esperar que otros resuelvan lo que tú podrías atender?Toma hoy la iniciativa en una situación donde normalmente esperarías que alguien más actuara.,Tiempo Ordinario XVIII
2026-08-04,"Señor, si eres tú mándame ir hacia ti sobre las aguas. (Mt 14,28)",Pedro no dudó al principio. Dudó cuando miró las olas. El enfoque lo cambia todo.¿Empiezas con fe y terminas mirando las olas?Mantén hoy la mirada en Jesús no en el problema. Es un hábito que se entrena.,Tiempo Ordinario XVIII
2026-08-05,"Mujer, grande es tu fe. (Mt 15,28)",La fe que persiste ante el silencio y el rechazo es la que Jesús llama grande.¿Qué tan grande es tu fe cuando Dios no responde de inmediato?Persiste hoy en una petición que llevas tiempo haciendo sin respuesta aparente.,Tiempo Ordinario XVIII
2026-08-06,"Este es mi Hijo, el escogido. Escúchenlo. (Lc 9,35)",La Transfiguración no fue para Jesús. Fue para los que necesitaban ver quién era.¿Tienes momentos de 'transfiguración' en tu fe donde todo queda claro?Busca hoy un momento de contemplación donde puedas ver más allá de lo ordinario.,Transfiguración del Señor
2026-08-07,"El que quiera salvar su vida la perderá. (Mt 16,25)",La paradoja más dura del Evangelio: no puedes tener ambas vidas al mismo tiempo.¿Cuál vida estás eligiendo hoy?Muere hoy a algo pequeño de tu ego. Es práctica para lo que importa.,Tiempo Ordinario XVIII
2026-08-08,"Si tienen fe como un grano de mostaza, podrán mover montañas. (Mt 17,20)",No es la cantidad de fe lo que mueve montañas. Es la calidad.¿Tu fe es mucha pero diluida o poca pero concentrada?Concentra hoy tu fe en una sola cosa. Sin dispersión.,Tiempo Ordinario XVIII
2026-08-09,"Estén preparados, pues el Hijo del hombre vendrá a la hora que no esperan. (Lc 12,40)",La preparación no es ansiedad. Es fidelidad cotidiana.¿Estás viviendo como alguien que espera o como alguien que ya olvidó que espera?Vive hoy con la conciencia de que cada día es el que importa.,XIX Domingo del Tiempo Ordinario
2026-08-10,"Si el grano de trigo cae en tierra y muere, da mucho fruto. (Jn 12,24)",Toda fecundidad pasa por una muerte primero.¿Qué estás resistiendo morir que es exactamente lo que necesita morir para fructificar?Identifica hoy ese grano que necesita caer y deja que caiga.,San Lorenzo Diácono y Mártir
2026-08-11,"El que se haga pequeño como este niño, ese es el mayor. (Mt 18,4)",El indicador de madurez espiritual no es la sabiduría acumulada. Es la pequeñez asumida.¿Cuánto de lo que has aprendido se ha convertido en orgullo en lugar de servicio?Actúa hoy desde la sencillez del niño no desde la suficiencia del experto.,Tiempo Ordinario XIX
2026-08-12,"Donde dos o tres están reunidos en mi nombre, allí estoy yo. (Mt 18,20)",La presencia de Jesús no requiere multitudes ni templos majestuosos.¿Cuándo fue la última vez que buscaste su presencia en una reunión pequeña y sencilla?Reúnete hoy con alguien en su nombre. Una conversación de fe real.,Tiempo Ordinario XIX
2026-08-13,"No te digo hasta siete veces sino hasta setenta veces siete. (Mt 18,22)",El perdón sin límite no es debilidad. Es la firma del discípulo de Cristo.¿Tienes un contador de perdones que ya llegó al tope?Perdona hoy sin llevar la cuenta.,Tiempo Ordinario XIX
2026-08-14,"Lo que Dios unió, que no lo separe el hombre. (Mt 19,6)",El matrimonio no es un contrato. Es un sacramento que revela la fidelidad de Dios.¿Cómo estás cuidando los vínculos más importantes de tu vida?Invierte hoy en un vínculo significativo con un gesto concreto de amor fiel.,Tiempo Ordinario XIX
2026-08-15,"Dios ha exaltado a los humildes. (Lc 1,52)",María cantó la revolución más radical: Dios baja a los poderosos y exalta a los pequeños.¿Con cuál grupo del Magnificat te identificas: los saciados o los hambrientos?Canta hoy el Magnificat como declaración política y espiritual. En serio léelo.,Asunción de la Santísima Virgen María
2026-08-16,"Vine a poner fuego sobre la tierra. (Lc 12,49)",El Evangelio no es para mantener el orden. Es para encender lo que aún no arde.¿Qué parte de tu vida espiritual está fría cuando debería estar en llamas?Enciende hoy esa área con una decisión de compromiso real.,XX Domingo del Tiempo Ordinario
2026-08-17,"Se fue triste porque tenía muchos bienes. (Mt 19,22)",El apego a lo que tienes puede impedir que recibas lo que no imaginas.¿Qué posesión posición o seguridad te impediría decir sí si Jesús te lo pidiera hoy?Identifica ese punto de apego y trabájalo con honestidad.,Tiempo Ordinario XX
2026-08-18,"Para los hombres es imposible, pero para Dios todo es posible. (Mt 19,26)",La imposibilidad humana es la plataforma perfecta para la posibilidad divina.¿Cuándo fue la última vez que dependiste completamente de Dios porque tú ya no podías?Presenta hoy tu imposibilidad ante él. Sin disfrazarla.,Tiempo Ordinario XX
2026-08-19,"¿O es que tu ojo es malo porque yo soy bueno? (Mt 20,15)",La envidia espiritual envenena la alegría propia. Alégrate del bien ajeno.¿Te molesta cuando Dios trata bien a quien crees que merece menos que tú?Regocíjate hoy activamente por el bien que Dios le da a alguien más.,Tiempo Ordinario XX
2026-08-20,"Beberán mi cáliz. (Mt 20,23)",El seguimiento real incluye el cáliz. No hay discipulado sin cruz.¿Estás siguiendo a Jesús hacia la gloria o también hacia el cáliz?Acepta hoy con paz algo difícil de tu vida como parte del camino no como castigo.,Tiempo Ordinario XX
2026-08-21,"Muchos son los llamados y pocos los elegidos. (Mt 22,14)",El problema no es la invitación. El problema es que nadie va.¿A qué banquete de Dios llevas tiempo diciendo que sí con la boca pero no con la vida?Ve hoy al banquete. Sin excusas.,Tiempo Ordinario XX
2026-08-22,"El que se exalta será humillado. (Mt 23,12)",La humillación que te da el mundo no vale nada. La humildad que viene de adentro todo.¿Cuánto de lo que haces va encaminado a exaltarte en los ojos de los demás?Haz hoy algo bueno que te reste visibilidad.,Tiempo Ordinario XX
2026-08-23,"Esfuércense por entrar por la puerta estrecha. (Lc 13,24)",Hay que esforzarse. La entrada al reino no es pasiva.¿Estás haciendo algo activamente para crecer en tu fe o solo esperando crecer?Elige hoy una disciplina espiritual concreta y ponla en práctica.,XXI Domingo del Tiempo Ordinario
2026-08-24,"Cuando estabas bajo la higuera, te vi. (Jn 1,48)",Dios te ve donde nadie más mira. En tu soledad en tu anonimato.¿Sientes que Dios solo te conoce en la iglesia o también bajo tu higuera?Ve hoy a tu higuera. Ese lugar privado donde eres tú. Y encuéntralo allí.,San Bartolomé Apóstol
2026-08-25,"Limpien primero el interior del vaso. (Mt 23,26)",De qué vale la apariencia exterior si el interior está sucio.¿Cuánta energía gastas en la imagen espiritual vs. en la transformación interior?Trabaja hoy en un área interior que sabes que está sucia sin importar la apariencia.,Tiempo Ordinario XXI
2026-08-26,"Son como sepulcros blanqueados. (Mt 23,27)",La hipocresía más peligrosa es la que no se reconoce a sí misma.¿Hay hipocresía en tu vida espiritual que has aprendido a justificar?Sé honesto hoy sobre una inconsistencia que normalmente racionalizas.,Tiempo Ordinario XXI
2026-08-27,"Estén preparados. (Mt 24,44)",La preparación cristiana no es angustia por el fin. Es fidelidad en el presente.¿Qué harías diferente hoy si supieras que es el último?Vive hoy como si fuera el único. No con miedo sino con plenitud.,Tiempo Ordinario XXI
2026-08-28,"Las prudentes tomaron aceite de sobra junto a sus lámparas. (Mt 25,4)",La vida espiritual no se puede pedir prestada en el último momento.¿Estás construyendo reservas espirituales o viviendo al límite?Invierte hoy en algo que te sostenga cuando llegue el momento difícil.,Tiempo Ordinario XXI
2026-08-29,"Juan fue decapitado por decir la verdad al poderoso. (Mc 6,27)",La profecía verdadera siempre molesta al poder. Siempre.¿Tienes la valentía de decir verdad al poder o te callas para sobrevivir?Di hoy una verdad incómoda a quien tiene el poder de lastimarte. Con respeto pero dila.,Martirio de San Juan Bautista
2026-08-30,"Invita a los pobres, a los lisiados a los cojos y a los ciegos. (Lc 14,13)",La hospitalidad que espera reciprocidad no es hospitalidad. Es inversión.¿A quién invitas que no puede darte nada a cambio?Haz espacio hoy para alguien que no está en tu círculo de utilidad.,XXII Domingo del Tiempo Ordinario
2026-08-31,"Hoy se ha cumplido esta Escritura. (Lc 4,21)",La Palabra no es texto muerto. Se cumple. Se actualiza. Se vive.¿Cuándo fue la última vez que la Palabra se cumplió de manera perceptible en tu vida?Lee hoy un pasaje con la disposición de que se cumpla en ti ahora.,Tiempo Ordinario XXII
2026-09-01,"¡Cállate y sal de él! (Lc 4,35)",La autoridad de Jesús sobre el mal no es una negociación.¿Hay algo que debería salir de tu vida y sigues negociando con ello?Expulsa hoy algo con autoridad y decisión sin seguir tolerándolo.,Tiempo Ordinario XXII
2026-09-02,"A la mañana temprano, salió a un lugar desierto. (Lc 4,42)",Si Jesús necesitaba tiempo solo con el Padre ¿por qué tú crees que no?¿Cuándo fue la última vez que te fuiste a un lugar desierto de verdad?Busca hoy tu desierto: silencio real aunque sea de 10 minutos.,Tiempo Ordinario XXII
2026-09-03,"Rema mar adentro y echen las redes. (Lc 5,4)",La fe profunda no opera en la orilla. Requiere aguas hondas.¿Estás operando en aguas seguras donde ya controlás todo?Rema hoy mar adentro en un área de tu vida donde pierdes el control.,Tiempo Ordinario XXII
2026-09-04,"Nadie pone vino nuevo en odres viejos. (Lc 5,37)",La resistencia al cambio no solo pierde el vino nuevo. Pierde también el odre.¿Estás tan aferrado a formas viejas que estás perdiendo lo nuevo que Dios trae?Sé flexible hoy en algo donde normalmente eres rígido.,Tiempo Ordinario XXII
2026-09-05,"El Hijo del hombre es señor del sábado. (Lc 6,5)",Las normas son instrumentos no dueños. Cristo es el señor de todas ellas.¿Hay reglas religiosas que has convertido en ídolos?Revisa hoy una norma que cumples mecánicamente y pregunta si sirve a la vida.,Tiempo Ordinario XXII
2026-09-06,"El que no lleva su cruz y me sigue, no puede ser mi discípulo. (Lc 14,27)",Jesús no romantiza la cruz. La pone como condición. Sin ambigüedad.¿Cuál es tu cruz específica y la estás llevando o la sigues negando?Nombra tu cruz hoy y decide llevarla con dignidad no con amargura.,XXIII Domingo del Tiempo Ordinario
2026-09-07,"¿Es lícito en sábado hacer el bien o hacer el mal? (Lc 6,9)",La omisión también es una elección. No hacer el bien cuando puedes es hacerlo mal.¿Cuántos bienes estás omitiendo por comodidad miedo o cálculo?Actúa hoy en un bien que llevas tiempo omitiendo.,Tiempo Ordinario XXIII
2026-09-08,"He aquí que la virgen concebirá y dará a luz un hijo. (Mt 1,23)",Dios entra en la historia por lo que el mundo llama imposible.¿Cuál imposibilidad en tu vida podría ser la puerta de entrada de Dios?Abre hoy esa imposibilidad a su acción en lugar de cerrarla con resignación.,Natividad de la Santísima Virgen María
2026-09-09,"Bienaventurados los que lloran porque serán consolados. (Lc 6,21)",Dios no evita el llanto. Lo transforma.¿Estás tratando de no llorar o de encontrar a Dios en el llanto?Permite hoy que el dolor sea puerta de encuentro no muralla.,Tiempo Ordinario XXIII
2026-09-10,"Con la medida con que midan les medirán a ustedes. (Lc 6,38)",El trato que das define el trato que recibirás. No como karma sino como lógica del amor.¿Con qué medida estás midiendo a los demás últimamente?Sé generoso hoy en tu juicio sobre alguien que normalmente mides con rigor.,Tiempo Ordinario XXIII
2026-09-11,"¿Puede un ciego guiar a otro ciego? (Lc 6,39)",El liderazgo espiritual requiere visión propia primero.¿Estás guiando a otros en áreas donde tú mismo no ves bien?Identifica hoy una área donde necesitas trabajar antes de enseñarla.,Tiempo Ordinario XXIII
2026-09-12,"El árbol se conoce por sus frutos. (Lc 6,44)",Lo que produces revela lo que eres. No lo que dices ser.¿Qué frutos está produciendo tu vida espiritual concretamente?Haz un inventario honesto de los frutos de tu fe: amor paz paciencia.,Tiempo Ordinario XXIII
2026-09-13,"Este hijo mío estaba muerto y ha vuelto a la vida. (Lc 15,24)",La fiesta del regreso revela el corazón del Padre mejor que cualquier teología.¿Cuándo regresaste tú? ¿O cuándo alguien regresó contigo?Celebra hoy un regreso. El tuyo o el de alguien. Con la misma alegría del Padre.,XXIV Domingo del Tiempo Ordinario
2026-09-14,"El Padre envió a su Hijo para que el mundo se salve. (Jn 3,17)",La cruz no es castigo divino. Es el precio que Dios pagó para no perderte.¿Ves la cruz como condena o como rescate?Mira hoy el crucifijo con los ojos de alguien que está siendo rescatado.,Exaltación de la Santa Cruz
2026-09-15,"Mujer, ahí tienes a tu hijo. (Jn 19,26)",Desde la cruz Jesús no pidió nada. Dio. Su última acción fue cuidar.¿Qué tienes que dar tú desde tu propia cruz?Da hoy algo desde tu dolor. Es el gesto más parecido al de Jesús.,Nuestra Señora de los Dolores
2026-09-16,"La sabiduría se justifica por todos sus hijos. (Lc 7,35)",Los resultados son los argumentos de Dios. Y son irrebatibles.¿Estás mirando los frutos del Evangelio en las vidas transformadas o solo la teoría?Habla hoy con alguien cuya vida haya sido transformada por el Evangelio. Aprende de ello.,Tiempo Ordinario XXIV
2026-09-17,"Tus pecados te son perdonados. (Lc 7,48)",El perdón de Jesús no es sentencia diferida. Es declaración inmediata.¿Sigues cargando lo que Jesús ya declaró perdonado?Recibe hoy el perdón como hecho consumado no como proceso pendiente.,Tiempo Ordinario XXIV
2026-09-18,"Algunas mujeres que habían sido curadas lo acompañaban. (Lc 8,2)",La gratitud por la sanación se convierte en misión. Así funciona el Evangelio.¿De qué has sido sanado y cómo ha cambiado eso tu compromiso de servicio?Convierte hoy una sanación recibida en servicio ofrecido.,Tiempo Ordinario XXIV
2026-09-19,"Tengan cuidado de cómo escuchan. (Lc 8,18)",Escuchar mal la Palabra es peor que no escucharla. Porque crea una ilusión de fe.¿Estás escuchando la Palabra o solo oyendo lo que ya quieres confirmar?Escucha hoy algo de la Palabra que te desafíe no solo lo que te conforte.,Tiempo Ordinario XXIV
2026-09-20,"No pueden servir a Dios y al dinero. (Lc 16,13)",Es una declaración de incompatibilidad no de condenación.¿Cuántas decisiones de esta semana fueron dictadas por el dinero antes que por Dios?Toma hoy una decisión con criterio de eternidad no de rentabilidad.,XXV Domingo del Tiempo Ordinario
2026-09-21,"He venido a llamar a pecadores, no a justos. (Mt 9,13)",Mateo dejó la mesa de cobros al momento. Eso es conversión real.¿Qué mesa sigues sentado aunque ya te han llamado?Levántate hoy de una mesa que ya sabes que no es la tuya.,San Mateo Apóstol y Evangelista
2026-09-22,"Mi madre y mis hermanos son los que oyen la Palabra de Dios y la ponen en práctica. (Lc 8,21)",La familia de Jesús se define por la obediencia no por el parentesco.¿Eres parte de la familia de Jesús por declaración o por práctica?Pon en práctica hoy algo concreto de la Palabra que has escuchado pero no has vivido.,Tiempo Ordinario XXV
2026-09-23,"No llevaban nada para el camino. (Lc 9,3)",La misión ligera llega más lejos y confía más en quien envía.¿Cuántas seguridades necesitas reunir antes de dar el siguiente paso en tu misión?Sal hoy con menos equipaje del que crees necesitar.,Tiempo Ordinario XXV
2026-09-24,"¿Quién es este? (Lc 9,9)",Herodes preguntaba porque Jesús lo inquietaba. Algunos preguntan no para creer sino para acallar la conciencia.¿Estás haciendo preguntas sobre Jesús para conocerlo mejor o para seguir ignorándolo con conciencia limpia?Hazte hoy una pregunta sobre Jesús que realmente quieras que sea respondida.,Tiempo Ordinario XXV
2026-09-25,"El Hijo del hombre debe padecer mucho. (Lc 9,22)",Jesús nunca escondió el costo del camino. La cruz no fue sorpresa para él.¿Cuánto de tu fe está construida sobre la expectativa de comodidad?Revisa hoy si tu discipulado incluye la posibilidad del sufrimiento como parte del camino.,Tiempo Ordinario XXV
2026-09-26,"El Hijo del hombre va a ser entregado en manos de los hombres. (Lc 9,44)",Ellos no entendían. Y tenían miedo de preguntar. Cuántas veces hacemos lo mismo.¿Cuántas cosas de Dios no entiendes pero tienes miedo de preguntar?Pregunta hoy lo que no entiendes. Dios no se ofende con las preguntas honestas.,Tiempo Ordinario XXV
2026-09-27,"Entre nosotros y ustedes hay un gran abismo. (Lc 16,26)",Hay decisiones que en vida son reversibles y en muerte ya no.¿Qué decisión de conversión estás aplazando como si el tiempo fuera infinito?Decide hoy sin esperar más. El abismo se cruza ahora no después.,XXVI Domingo del Tiempo Ordinario
2026-09-28,"El que sea más pequeño entre todos, ese es el más grande. (Lc 9,48)",La competencia por el primer lugar no tiene lugar en el reino.¿Estás compitiendo por posición dentro de la comunidad de fe?Haz hoy algo que te haga el último en la fila de manera genuina.,Tiempo Ordinario XXVI
2026-09-29,"Verán el cielo abierto y a los ángeles subir y bajar sobre el Hijo del hombre. (Jn 1,51)",La promesa a Natanael es una promesa a todos: verás más de lo que imaginas.¿Estás viviendo con los ojos abiertos a lo que Dios puede revelarte o ya lo has visto todo?Vive hoy con expectativa de que Dios tiene algo nuevo que mostrarte.,Santos Miguel Gabriel y Rafael Arcángeles
2026-09-30,"Dejad que los muertos entierren a sus muertos. (Lc 9,60)",Hay urgencias que no son urgencias y hay urgencias que no pueden esperar.¿Estás priorizando lo urgente sobre lo que es realmente importante?Pon primero hoy lo que importa de verdad no lo que grita más fuerte.,Tiempo Ordinario XXVI
2026-10-01,"La mies es mucha y los obreros son pocos. Rueguen al dueño de la mies que mande obreros. (Lc 10,2)",Antes de ir pide obreros. La misión empieza en la oración.¿Estás orando por la misión o solo preocupándote de ella?Ora hoy específicamente por más obreros antes de actuar tú solo.,Tiempo Ordinario XXVI
2026-10-02,"Sus ángeles contemplan siempre el rostro de mi Padre. (Mt 18,10)",Cada persona que ves tiene un ángel que mira el rostro de Dios. Así de sagrada es cada vida.¿Tratas a las personas con la reverencia que merecen los que son vistos por Dios?Trata hoy a alguien que normalmente invisibilizas como si fuera sagrado. Porque lo es.,Santos Ángeles Custodios
2026-10-03,"No se alegren de que los espíritus se sometan, sino de que sus nombres estén inscritos en el cielo. (Lc 10,20)",El ministerio exitoso no es el criterio. El criterio es pertenecer a él.¿Buscas resultados espirituales o relación con Dios?Recuerda hoy que tu nombre está escrito en el cielo. Eso es suficiente.,Tiempo Ordinario XXVI
2026-10-04,"Auméntanos la fe. (Lc 17,5)",Es lícito pedir fe. Esa es ya una forma de fe.¿Cuándo fue la última vez que pediste más fe en lugar de actuar como si ya la tuvieras?Pide hoy fe con humildad. Es la oración más honesta que puedes hacer.,XXVII Domingo del Tiempo Ordinario
2026-10-05,"¿Quién de los tres te parece que fue el prójimo? (Lc 10,36)",La pregunta no es quién es tu prójimo. Es de quién eres tú prójimo.¿Estás esperando que alguien sea suficientemente cercano para que te importen?Actúa hoy como prójimo de alguien que no lo esperaba.,Tiempo Ordinario XXVII
2026-10-06,"Una sola cosa es necesaria. (Lc 10,42)",En el ruido de las muchas tareas hay una sola que no puede esperar.¿Cuál es la cosa necesaria en tu vida hoy y la estás atendiendo?Elige hoy la única cosa necesaria por sobre las muchas urgentes.,Tiempo Ordinario XXVII
2026-10-07,"¿Cómo puede ser esto? (Lc 1,34)",María preguntó antes de decir sí. La fe madura pregunta sin rendirse.¿Estás obedeciendo sin preguntar o preguntando sin obedecer?Pregunta hoy lo que no entiendes y luego obedece aunque no lo entendas todo.,Nuestra Señora del Rosario
2026-10-08,"¿Qué padre le da una serpiente al hijo que pide un pez? (Lc 11,11)",Dios da cosas buenas. No las caricaturas que el miedo proyecta sobre él.¿Qué imagen de Dios padre tienes realmente: dador o retenedor?Pide hoy con la confianza de quien sabe que su Padre da cosas buenas.,Tiempo Ordinario XXVII
2026-10-09,"El que no está conmigo está contra mí. (Lc 11,23)",La tibieza no es neutralidad. Es una posición.¿Tienes áreas de tu vida en tibieza que has llamado 'prudencia'?Define hoy tu postura en algo donde has estado tibio demasiado tiempo.,Tiempo Ordinario XXVII
2026-10-10,"Bienaventurados los que oyen la Palabra de Dios y la guardan. (Lc 11,28)",Oír es el inicio. Guardar es el fruto.¿Cuántas Palabras has oído que siguen sin convertirse en vida?Toma hoy una Palabra que has escuchado repetidamente y vívela.,Tiempo Ordinario XXVII
2026-10-11,"¿No hubo nadie que regresara a dar gloria a Dios sino este extranjero? (Lc 17,18)",Diez fueron sanados. Uno regresó. La gratitud es la respuesta menos común a la gracia.¿Eres de los diez que siguieron camino o del uno que regresó?Regresa hoy a agradecer algo que recibiste y olvidaste agradecer.,XXVIII Domingo del Tiempo Ordinario
2026-10-12,"Jonás fue una señal para los ninivitas. (Lc 11,30)",A veces la señal ya llegó y no la reconocemos porque esperamos otro formato.¿Qué señal de Dios en tu vida estás descartando porque no vino como esperabas?Reconoce hoy una señal que desestimaste.,Tiempo Ordinario XXVIII
2026-10-13,"Limpien primero el interior. (Lc 11,41)",El orden importa: primero el interior luego el exterior. Siempre.¿Cuánto tiempo pasas cuidando tu imagen espiritual vs. tu realidad interior?Trabaja hoy de adentro hacia afuera no al revés.,Tiempo Ordinario XXVIII
2026-10-14,"¡Ay de ustedes! (Lc 11,42)",El 'ay' de Jesús no es maldición. Es el dolor de quien ve cómo alguien se destruye.¿Hay alguien en tu vida a quien amas y que está en un camino que lo destruye?Ora hoy con dolor de amor por esa persona. No con juicio.,Tiempo Ordinario XXVIII
2026-10-15,"Los fariseos comenzaron a acosarlo. (Lc 11,53)",Decir la verdad crea enemigos. Callarse crea cómplices.¿Cuándo fue la última vez que la verdad que dijiste te costó algo?Di hoy una verdad necesaria aunque genere incomodidad.,Tiempo Ordinario XXVIII
2026-10-16,"No teman a los que matan el cuerpo y después no pueden hacer más. (Lc 12,4)",El miedo al hombre es la jaula más pequeña que existe.¿A quién temes más que a Dios? Esa es la jaula.Identifica ese miedo y da hoy un paso fuera de la jaula.,Tiempo Ordinario XXVIII
2026-10-17,"El Espíritu Santo les enseñará en ese momento lo que deban decir. (Lc 12,12)",Cuando estás en el límite el Espíritu no te abandona. Te equipa.¿Confías en que el Espíritu te guiará en los momentos difíciles de testimonio?Actúa hoy en fe en una situación que te supera confiando en que él habla.,Tiempo Ordinario XXVIII
2026-10-18,"¿Encontrará el Hijo del hombre fe sobre la tierra cuando venga? (Lc 18,8)",La pregunta no es si Dios hará justicia. La pregunta es si habrá fe cuando llegue.¿Cómo está tu fe en este momento? ¿Persiste o se agota?Persiste hoy en la oración aunque no veas resultado. Eso es fe.,XXIX Domingo del Tiempo Ordinario
2026-10-19,"¡Guárdense de toda avaricia! (Lc 12,15)",La avaricia no solo es querer más dinero. Es poner la seguridad en lo que tienes.¿De qué depende tu sensación de seguridad hoy?Practica hoy la desapego: desprende algo concreto sin ansiedad.,Tiempo Ordinario XXIX
2026-10-20,"Bienaventurados los siervos que el Señor encuentre velando cuando llegue. (Lc 12,37)",Velar no es angustia. Es presencia viva y expectante.¿Estás vivo espiritualmente o en modo automático?Activa hoy tu presencia espiritual. Sin piloto automático.,Tiempo Ordinario XXIX
2026-10-21,"Al que mucho se le dio, mucho se le pedirá. (Lc 12,48)",La gracia recibida no es privilegio privado. Es responsabilidad pública.¿Estás administrando lo que recibiste o acumulándolo?Pon en circulación hoy algo de lo que has recibido: talento tiempo dinero.,Tiempo Ordinario XXIX
2026-10-22,"Vine a traer fuego sobre la tierra. (Lc 12,49)",El fuego del Evangelio no destruye. Purifica. Pero incomoda.¿Cuánto de lo que crees te ha incomodado últimamente?Permite hoy que la fe te incomode en lugar de solo consolarte.,Tiempo Ordinario XXIX
2026-10-23,"¿Por qué no juzgan por ustedes mismos lo que es justo? (Lc 12,57)",Dios te dio razón y conciencia. Úsalas.¿Cuántas veces delegas tus decisiones morales a otros en lugar de ejercer tu propia conciencia?Decide hoy por ti mismo desde tu conciencia formada.,Tiempo Ordinario XXIX
2026-10-24,"Si no se convierten, todos perecerán. (Lc 13,3)",La conversión no es un evento del pasado. Es una dirección del presente.¿En qué dirección está yendo tu vida hoy?Verifica hoy que tu dirección de vida coincide con la que dices que quieres.,Tiempo Ordinario XXIX
2026-10-25,"Dios, sé propicio a mí que soy pecador. (Lc 18,13)",La oración más corta del Evangelio es la más poderosa. Porque viene de lo más hondo.¿Cuándo fue la última vez que oraste desde la total honestidad de tu miseria?Ora hoy sin lista sin logros sin argumentos. Solo: 'ten misericordia de mí'.,XXX Domingo del Tiempo Ordinario
2026-10-26,"¿No debía esta mujer ser liberada el día sábado? (Lc 13,16)",La liberación no puede esperar. Ninguna norma es más importante que una persona.¿Hay alguien atado a algo que tú podrías ayudar a liberar hoy?Libera a alguien hoy: de una carga de un miedo de un aislamiento.,Tiempo Ordinario XXX
2026-10-27,"¿A qué se parece el reino de Dios? Es como la levadura. (Lc 13,20)",Lo que fermenta no se anuncia. Trabaja en silencio hasta que todo cambia.¿Estás esperando ver el reino antes de actuar o lo estás siendo tú ya?Sé hoy levadura: trabaja sin ruido en algo que transforme.,Tiempo Ordinario XXX
2026-10-28,"Pasó la noche en oración. (Lc 6,12)",Jesús tomó las decisiones más importantes de su misión después de orar toda la noche.¿Cuánto tiempo de oración dedicas a tus decisiones importantes?Antes de tu próxima gran decisión pasa tiempo en oración. No minutos: tiempo real.,Santos Simón y Judas Tadeo Apóstoles
2026-10-29,"Jerusalén, que matas a los profetas. (Lc 13,34)",El llanto de Jesús sobre la ciudad que lo rechaza muestra que el amor no se rinde.¿Hay alguien que te rechaza por quien sigues rezando con amor no con resentimiento?Ora hoy por quien te rechaza con la misma ternura con que Jesús lloró por Jerusalén.,Tiempo Ordinario XXX
2026-10-30,"Jesús lo tomó, lo curó y lo despidió. (Lc 14,4)",La sanación de Jesús no pidió permiso. Actuó porque había necesidad.¿Cuántas veces no has actuado esperando que te dieran permiso para hacer el bien?Actúa hoy sin pedir permiso para hacer el bien.,Tiempo Ordinario XXX
2026-10-31,"El que se humilla será ensalzado. (Lc 14,11)",La humildad no es humillación. Es saber quién eres con exactitud sin más ni menos.¿Cuál es tu punto de autoestima real? ¿Lo inflas o lo devalúas?Ocupa hoy tu lugar exacto: ni demasiado arriba ni demasiado abajo.,Tiempo Ordinario XXX
2026-11-01,"Bienaventurados los limpios de corazón porque verán a Dios. (Mt 5,8)",La pureza no es ausencia de pecado. Es corazón orientado hacia Dios.¿Hacia dónde apunta tu corazón en este momento?Orienta hoy tu corazón hacia Dios antes de orientarte hacia nada más.,Todos los Santos
2026-11-02,"Esta es la voluntad del que me envió: que no pierda nada de lo que me dio. (Jn 6,39)",Dios no se resigna a perderte. Su voluntad activa es que llegues.¿Confías en que Dios está activamente trabajando para que no te pierdas?Descansa hoy en esa voluntad de Dios que te busca no te deja ir.,Conmemoración de los Fieles Difuntos
2026-11-03,"Tengo que ir a ver el campo que compré. (Lc 14,18)",Siempre hay algo más urgente que el banquete de Dios. Eso es el problema.¿Qué 'campo' o 'negocio' estás poniendo antes del encuentro con Dios?Ve hoy al banquete. Deja el campo por un momento.,Tiempo Ordinario XXXI
2026-11-04,"¿Quién de ustedes, queriendo construir una torre no se sienta primero a calcular el costo? (Lc 14,28)",El discipulado no es impulsivo. Requiere cálculo honesto del costo.¿Calculaste el costo de seguir a Jesús o lo seguiste sin pensar?Evalúa hoy honestamente a qué te estás comprometiendo al ser discípulo.,Tiempo Ordinario XXXI
2026-11-05,"Habrá alegría en el cielo por un pecador que se convierte. (Lc 15,7)",Cada regreso es una fiesta en el cielo. El cielo tiene más alegría que nosotros.¿Te alegras cuando alguien que estaba perdido regresa o lo juzgas con desconfianza?Recibe hoy con alegría genuina a alguien que regresa.,Tiempo Ordinario XXXI
2026-11-06,"Los hijos de este mundo son más astutos con su generación que los hijos de la luz. (Lc 16,8)",El mundo pone más inteligencia en sus proyectos que los creyentes en los suyos.¿Qué tan estratégico y comprometido eres con tu vida de fe?Aplica hoy la misma energía que pones en tus proyectos mundanos a uno espiritual.,Tiempo Ordinario XXXI
2026-11-07,"Lo que es estimado por los hombres es abominable ante Dios. (Lc 16,15)",Lo que el mundo premia puede ser exactamente lo que Dios no valora.¿Estás buscando la aprobación de los hombres o la de Dios?Actúa hoy por lo que Dios valora aunque el mundo no lo reconozca.,Tiempo Ordinario XXXI
2026-11-08,"Él no es Dios de muertos, sino de vivos. (Lc 20,38)",La resurrección no es fantasía consoladora. Es la lógica de un Dios de vivos.¿Tienes miedo a la muerte o tienes fe en la resurrección?Vive hoy desde la certeza de la resurrección. Tus decisiones cambiarán.,XXXII Domingo del Tiempo Ordinario
2026-11-09,"Celo de tu casa me consume. (Jn 2,17)",El celo de Jesús no era enojo. Era amor que no puede tolerar la profanación.¿Tienes celo por la casa de Dios o te da igual lo que pase en ella?Cuida hoy algo sagrado que se está profanando: tu fe un vínculo una comunidad.,Dedicación de la Basílica de Letrán
2026-11-10,"Somos siervos inútiles; hemos hecho lo que teníamos que hacer. (Lc 17,10)",La humildad del servicio no espera reconocimiento. Actúa y se retira.¿Sirves para ser visto o sirves y te vas?Haz hoy un servicio sin esperar agradecimiento y mira cómo te sientes.,Tiempo Ordinario XXXII
2026-11-11,"¿Dónde están los otros nueve? (Lc 17,17)",La ingratitud no es olvido casual. Es incapacidad de relacionarse con quien da.¿Eres de los nueve o del uno?Regresa hoy a agradecer algo específico a Dios y a una persona.,Tiempo Ordinario XXXII
2026-11-12,"El reino de Dios está entre ustedes. (Lc 17,21)",No tienes que ir a buscarlo lejos. Ya está aquí. En medio de lo ordinario.¿Cuándo dejarás de buscar el reino en lo extraordinario y lo empezarás a ver en lo cotidiano?Busca el reino hoy en lo más pequeño y ordinario de tu día.,Tiempo Ordinario XXXII
2026-11-13,"El que trate de salvar su vida la perderá. (Lc 17,33)",La lógica del evangelio sigue siendo la misma: perder para ganar.¿Qué estás tratando de conservar a toda costa que quizás necesitas soltar?Suelta hoy con fe lo que aferras con miedo.,Tiempo Ordinario XXXII
2026-11-14,"¿No hará Dios justicia a sus elegidos que claman día y noche? (Lc 18,7)",Dios hará justicia. La pregunta es si seguirás creyendo cuando tarde.¿Qué justicia esperas de Dios que aún no ha llegado y que te está probando?Persiste hoy en esa oración. Sin rendirte. Él escucha.,Tiempo Ordinario XXXII
2026-11-15,"Con su perseverancia salvarán sus almas. (Lc 21,19)",No prometió ausencia de persecución. Prometió salvación para quienes perseveren.¿Cuánto aguanta tu fe cuando el costo se vuelve real?Persevera hoy en algo donde estás tentado a abandonar.,XXXIII Domingo del Tiempo Ordinario
2026-11-16,"¡Señor, que vea! (Lc 18,41)",Es la petición más simple y más profunda. Ver: a Dios a los demás a uno mismo.¿Qué necesitas ver que aún tienes ciego?Pide hoy visión para algo que has estado evitando mirar.,Tiempo Ordinario XXXIII
2026-11-17,"Hoy ha llegado la salvación a esta casa. (Lc 19,9)",Zaqueo no fue a la sinagoga. Fue a un árbol. Y Jesús fue a su casa.¿Dónde está tu árbol? Ese lugar donde te subes para verlo aunque te dé vergüenza?Ve a tu árbol hoy. Sube. Déjalo que entre a tu casa.,Tiempo Ordinario XXXIII
2026-11-18,"Al que tiene se le dará, y al que no tiene se le quitará hasta lo que tiene. (Lc 19,26)",Los talentos que no se usan se pierden. La fe que no se ejerce se atrofia.¿Qué dones has enterrado por miedo a perderlos si los usas?Desentierra hoy un talento que has guardado por miedo.,Tiempo Ordinario XXXIII
2026-11-19,"¡Si también tú conocieras lo que da la paz! (Lc 19,42)",Jesús lloró por quienes no querían reconocer lo que tenían frente a ellos.¿Hay algo que Dios te está ofreciendo que no estás reconociendo?Abre hoy los ojos a la paz que ya está disponible para ti.,Tiempo Ordinario XXXIII
2026-11-20,"La casa de mi Padre será casa de oración. (Lc 19,46)",Cuando la casa de Dios deja de ser lugar de encuentro necesita ser purificada.¿Es tu corazón una casa de oración o un mercado de preocupaciones?Limpia hoy el templo interior. Silencia el mercado.,Tiempo Ordinario XXXIII
2026-11-21,"Dios no es Dios de muertos sino de vivos. (Lc 20,38)",Todo el que vive en Dios vive para siempre. No como dato teológico sino como realidad presente.¿Estás viviendo desde esa vida o aplazándola para después de morir?Vive hoy plenamente. La vida eterna no empieza cuando mueres.,Tiempo Ordinario XXXIII
2026-11-22,"Jesús, acuérdate de mí cuando llegues a tu reino. (Lc 23,42)",La conversión más tardía del Evangelio fue en el último momento. Nadie está fuera de tiempo.¿Has descartado que alguien pueda convertirse porque ya es 'demasiado tarde'?Ora hoy con esperanza por alguien que parece imposible.,Cristo Rey del Universo
2026-11-23,"Esta viuda pobre echó más que todos. (Lc 21,3)",La ofrenda que duele es la que cuenta. Todo lo demás es publicidad.¿Qué estás ofreciendo a Dios que no te cuesta nada?Da hoy algo que cueste. No mucho. Solo que cueste algo real.,Tiempo Ordinario XXXIV
2026-11-24,"No dejen que los engañen. (Lc 21,8)",Hay muchos que hablan en nombre de Dios y no han sido enviados.¿Con qué criterio disciernesquién habla de Dios y quién habla de sí mismo?Practica hoy el discernimiento: ¿los frutos de esa voz son amor o miedo?,Tiempo Ordinario XXXIV
2026-11-25,"Con su perseverancia salvarán sus almas. (Lc 21,19)",La perseverancia es la virtud más silenciosa y más decisiva.¿Estás perseverando o buscando una salida cómoda?Persevera hoy en lo que has comenzado aunque no veas el final todavía.,Tiempo Ordinario XXXIV
2026-11-26,"Cuando empiecen a suceder estas cosas, levanten la cabeza porque se acerca su liberación. (Lc 21,28)",El fin no es catástrofe para los que esperan al Señor. Es llegada.¿Tienes miedo del futuro o esperanza en él?Levanta hoy la cabeza. La liberación se acerca. Vívelo así.,Tiempo Ordinario XXXIV
2026-11-27,"El cielo y la tierra pasarán, pero mis palabras no pasarán. (Lc 21,33)",En un mundo de cambio permanente la Palabra de Dios es el único ancla que no cede.¿En qué estás poniendo tu confianza que sí pasará?Ancla hoy tu confianza en lo que no pasa: su Palabra.,Tiempo Ordinario XXXIV
2026-11-28,"Estén vigilantes y oren en todo tiempo. (Lc 21,36)",La última instrucción antes del fin es: vigilia y oración. Eso dice todo sobre lo que importa.¿Terminas tus días con vigilancia y oración o con desgaste y pantallas?Termina este día consciente: una oración antes de dormir. No un formulario. Una conversación.,Tiempo Ordinario XXXIV
2026-11-29,"Estén preparados porque no saben qué día vendrá su Señor. (Mt 24,44)",La preparación no es ansiedad apocalíptica. Es fidelidad cotidiana en lo pequeño.¿Estás viviendo como alguien que espera o como alguien que ya olvidó que espera?Vive hoy cada hora como si fuera la que importa. Porque lo es.,I Domingo de Adviento
2026-11-30,"Ni en Israel encontré tanta fe. (Mt 8,10)",El centurión no tenía las credenciales religiosas. Pero tenía fe.¿Estás midiendo tu fe por las credenciales o por la confianza real en Jesús?Confía hoy sin necesitar el título o la membresía.,Adviento I
2026-12-01,"Bienaventurados los ojos que ven lo que ustedes ven. (Lc 10,23)",Hay personas que esperaron toda una vida ver lo que tú tienes frente a ti.¿Eres consciente de la gracia que tienes de vivir en tiempo de Cristo?Agradece hoy el privilegio de conocer el Evangelio. No lo des por sentado.,Adviento I
2026-12-02,"Jesús llamó a sus discípulos y les dijo: siento compasión. (Mt 15,32)",La compasión no espera que la necesidad llegue hasta ti. Va hacia ella.¿Esperas que los necesitados lleguen a ti o vas tú hacia ellos?Ve hoy hacia alguien. No esperes que vengan.,Adviento I
2026-12-03,"El que hace la voluntad de mi Padre, ese entrará en el reino. (Mt 7,21)",Decir 'Señor Señor' sin hacer la voluntad es la forma más dolorosa de ilusión.¿Hay diferencia entre lo que declaras y lo que haces?Cierra hoy una brecha entre lo que dices creer y lo que vives.,Adviento I
2026-12-04,"¿Creen que puedo hacer esto? Sí, Señor. (Mt 9,28)",La pregunta antes del milagro es siempre sobre la fe. No sobre el mérito.¿Crees que él puede hacerlo en tu situación específica?Responde hoy con un 'sí Señor' real y espera el milagro.,Adviento I
2026-12-05,"Al verlas se compadeció de ellas porque estaban agotadas y abatidas como ovejas sin pastor. (Mt 9,36)",El agotamiento del mundo necesita pastores no críticos.¿Eres para los cansados y abatidos de tu entorno una fuente de vida o un juez?Sé hoy pastor de alguien que está agotado. Una palabra un gesto presencia real.,Adviento I
2026-12-06,"Conviertan su corazón porque el reino de los cielos está cerca. (Mt 3,2)",La conversión no es para 'algún día'. La cercanía del reino la hace urgente.¿Sigues aplazando tu conversión porque crees que hay tiempo?Comienza hoy la conversión que llevas posponiendo. Un paso. Solo uno.,II Domingo de Adviento
2026-12-07,"¡Hombre, tus pecados te son perdonados! (Lc 5,20)",Jesús vio fe en los que bajaron al paralítico y respondió a ella. La fe visible mueve a Dios.¿Tienes personas en tu vida que interceden por ti ante Dios?Intercede hoy tú por alguien que no puede llegar a Jesús por sus propios medios.,Adviento II
2026-12-08,"No temas, María. (Lc 1,30)",El anuncio más grande de la historia empieza con: no temas.¿Qué anuncio de Dios estás rechazando porque te da miedo?Escucha hoy sin miedo lo que Dios te dice. Él siempre empieza con 'no temas'.,Inmaculada Concepción de la Virgen María
2026-12-09,"Vengan a mí todos los que están fatigados y agobiados, que yo los aliviaré. (Mt 11,28)",La invitación de Jesús no es para los que lo tienen todo. Es para los cansados.¿Estás llegando a él con tu cansancio o tratando de llegar descansado?Llega hoy tal como estás: cansado agobiado sin fuerzas. Eso es lo que pide.,Adviento II
2026-12-10,"Entre los nacidos de mujer no ha surgido nadie más grande que Juan el Bautista. (Mt 11,11)",Grandeza en el reino no se mide por lo que acumulas. Se mide por lo que preparas para otros.¿Tu vida está preparando el camino a Jesús para quienes te rodean?Sé hoy Juan el Bautista de alguien: señala a Jesús no a ti mismo.,Adviento II
2026-12-11,"La sabiduría se justifica por sus obras. (Mt 11,19)",No hay argumento más fuerte que una vida coherente.¿Qué dicen tus obras sobre la sabiduría que dices tener?Sé hoy la prueba viva de lo que crees.,Adviento II
2026-12-12,"El Señor está contigo. (Lc 1,28)",María no fue escogida por ser perfecta. Fue escogida y el Señor estuvo con ella.¿Esperas ser perfecto para que Dios esté contigo?Actúa hoy desde la certeza de que el Señor está contigo no desde la espera de merecerlo.,Nuestra Señora de Guadalupe
2026-12-13,"¿Eres tú el que ha de venir o esperamos a otro? (Mt 11,3)",Hasta Juan el Bautista tuvo momentos de duda. La duda no descalifica.¿Tienes dudas que te hacen sentir que no eres buen cristiano?Lleva tu duda a Jesús directamente como Juan. Él no se molesta.,III Domingo de Adviento
2026-12-14,"¿Con qué autoridad haces esto? (Mt 21,23)",Hay preguntas que no buscan respuesta. Buscan invalidar al que actúa bien.¿Cuántas veces has parado de hacer el bien porque alguien cuestionó tu autoridad?Actúa hoy desde la autoridad del que está enviado no del que espera aprobación.,Adviento III
2026-12-15,"El segundo hijo dijo que sí, pero no fue. (Mt 21,30)",El sí sin acción es la forma de traición más cómoda.¿Cuántos síes tienes pendientes de convertirse en hechos?Convierte hoy uno de tus síes declarados en un sí vivido.,Adviento III
2026-12-16,"Bienaventurado el que no se escandalice de mí. (Lc 7,23)",Jesús no siempre actúa como esperamos. Eso puede escandalizarnos o purificarnos.¿Hay algo de Jesús que no encaja en tus expectativas y que estás resistiendo?Acepta hoy al Jesús real no al que fabricaste a tu medida.,Adviento III
2026-12-17,"Genealogía de Jesucristo, hijo de David hijo de Abraham. (Mt 1,1)",Dios entró en la historia a través de gente imperfecta pecadora y rota.¿Sientes que tu historia está demasiado rota para que Dios la use?Lee la genealogía de Jesús: allí están Rajab Rut David. Dios usa historias rotas.,Adviento IV - período especial
2026-12-18,"José hizo como el ángel le había mandado. (Mt 1,24)",La obediencia de José fue callada inmediata y sin condiciones. Eso cambió la historia.¿Cuántas instrucciones de Dios has recibido y sigues esperando 'condiciones mejores'?Obedece hoy algo que sabes que Dios te ha pedido y has postergado.,Adviento IV - período especial
2026-12-19,"¿En qué me basaré para saber esto? (Lc 1,18)",Zacarías pidió una señal y la recibió: silencio. El silencio también es respuesta.¿Estás en un tiempo de silencio de Dios que interpretas como ausencia?Vive hoy el silencio de Dios como gestación no como abandono.,Adviento IV - período especial
2026-12-20,"Para Dios nada es imposible. (Lc 1,37)",La última palabra nunca la tiene la biología la circunstancia ni el tiempo. La tiene él.¿A qué situación en tu vida le has puesto la etiqueta de 'imposible'?Quítale hoy esa etiqueta. Para Dios nada es imposible. Actúa desde ahí.,Adviento IV - período especial
2026-12-21,"¿Quién soy yo para que me visite la madre de mi Señor? (Lc 1,43)",Isabel reconoció al Señor antes de que nadie lo anunciara. La fe ve lo que el ojo no ve.¿Con qué ojos ves a quienes te rodean? ¿Ves en ellos la presencia de Dios?Reconoce hoy la presencia del Señor en alguien que encuentres.,Adviento IV - período especial
2026-12-22,"Engrandeció el Señor mi alma. (Lc 1,46)",María no guardó la alegría. La cantó. La alegría espiritual es para compartir.¿Cuándo fue la última vez que cantaste literalmente o en sentido figurado por lo que Dios hace?Canta hoy. Aunque sea en voz baja. Aunque te parezca raro.,Adviento IV - período especial
2026-12-23,"¿Qué será este niño? (Lc 1,66)",Cuando Dios actúa de manera extraordinaria la pregunta correcta no es el cómo. Es el para qué.¿Estás haciendo la pregunta correcta sobre lo que Dios está haciendo en tu vida?Cambia hoy el '¿cómo?' por el '¿para qué?'. Cambia el resultado.,Adviento IV - período especial
2026-12-24,"Nos visita desde lo alto el sol naciente para iluminar a los que viven en tinieblas. (Lc 1,78-79)",La Navidad no es un evento pasado. Es una visita que se renueva.¿Estás listo para recibir esa visita hoy no como tradición sino como encuentro?Prepara hoy tu interior como si Jesús fuera a llegar esta noche. Porque va a llegar.,Vigilia de Navidad
2026-12-25,"El Verbo se hizo carne y habitó entre nosotros. (Jn 1,14)",Dios no te envió instrucciones. Vino personalmente. Eso cambia todo.¿Te relacionas con Dios como con un libro de normas o como con alguien que vino?Celebra hoy que Dios vino. No que nació hace 2000 años. Que vino. A tu casa.,Natividad del Señor
2026-12-26,"Serán odiados por todos a causa de mi nombre. (Mt 10,22)",El día después de Navidad la Iglesia recuerda a un mártir. La alegría y el costo van juntos.¿Tu fe incluye la posibilidad del costo o solo la de la consolación?Vive hoy como discípulo consciente del costo y libre por eso.,San Esteban Protomártir
2026-12-27,"Vio y creyó. (Jn 20,8)",Juan vio el sepulcro vacío y creyó sin explicación. La fe a veces es así: ve y cree.¿Necesitas que todo esté explicado antes de creer?Cree hoy en algo sin necesitar la explicación completa.,San Juan Apóstol y Evangelista
2026-12-28,"Una voz se oyó en Ramá, llanto y gran duelo. (Mt 2,18)",La Navidad coexiste con el llanto de madres que pierden a sus hijos. La fe no cierra los ojos.¿Cuánto de tu fe incluye el dolor del mundo o solo tu comodidad personal?Llora hoy con quienes lloran. La solidaridad es parte de la Navidad también.,Santos Inocentes Mártires
2026-12-29,"Este niño está destinado para caída y levantamiento de muchos. (Lc 2,34)",Jesús divide no por voluntad propia sino porque la verdad siempre divide.¿Estás del lado de los que caen ante él o de los que se levantan?Define hoy tu postura ante Jesús. No es momento de ambigüedad.,Tiempo de Navidad
2026-12-30,"Ana no se apartaba del templo, sirviendo a Dios con ayunos y oraciones noche y día. (Lc 2,37)",La perseverancia en la oración durante años da una lucidez espiritual única.¿Cuántos años llevas en oración fiel? ¿O sigues empezando de cero cada vez?Compromete hoy una práctica de oración que puedas sostener no solo iniciar.,Tiempo de Navidad
2026-12-31,"La vida era la luz de los hombres. (Jn 1,4)",El último día del año se cierra con la misma verdad con que empezó: él es la vida y la luz.¿Cuánta vida y cuánta luz has dejado entrar este año?Al terminar el año abre una puerta más. Para él. Solo para él.,Tiempo de Navidad